air_temp,albedo,azimuth,cloud_opacity,dewpoint_temp,dhi,dni,ghi,gti,precipitation_rate,relative_humidity,surface_pressure,wind_speed_100m,zenith,period_end,period
11,0.18,18,48,7,0,0,0,0,0,77.6,1018.2,6.1,111,2019-05-01T00:15:00+02:00,PT15M
11,0.18,14,47.2,6.9,0,0,0,0,0,78.1,1018.1,6.2,112,2019-05-01T00:30:00+02:00,PT15M
10,0.18,11,47.5,6.9,0,0,0,0,0,78.7,1018.1,6.2,112,2019-05-01T00:45:00+02:00,PT15M
10,0.18,7,48.3,6.8,0,0,0,0,0,79.2,1018,6.3,113,2019-05-01T01:00:00+02:00,PT15M
10,0.18,3,48.4,6.8,0,0,0,0,0,79.9,1018,6.3,113,2019-05-01T01:15:00+02:00,PT15M
10,0.18,-1,48.4,6.8,0,0,0,0,0,80.8,1018,6.2,113,2019-05-01T01:30:00+02:00,PT15M
10,0.18,-5,48.4,6.8,0,0,0,0,0,81.8,1017.9,6.1,113,2019-05-01T01:45:00+02:00,PT15M
10,0.18,-9,49.1,6.8,0,0,0,0,0,82.8,1017.9,6,112,2019-05-01T02:00:00+02:00,PT15M
9,0.17,-13,50.7,6.8,0,0,0,0,0,83.6,1017.9,5.8,112,2019-05-01T02:15:00+02:00,PT15M
9,0.17,-17,50.7,6.8,0,0,0,0,0,84.3,1017.8,5.6,111,2019-05-01T02:30:00+02:00,PT15M
9,0.17,-21,50.7,6.8,0,0,0,0,0,85,1017.7,5.4,111,2019-05-01T02:45:00+02:00,PT15M
9,0.17,-24,50.7,6.8,0,0,0,0,0,85.7,1017.6,5.2,110,2019-05-01T03:00:00+02:00,PT15M
9,0.17,-28,50.7,6.8,0,0,0,0,0,86.2,1017.4,5.1,109,2019-05-01T03:15:00+02:00,PT15M
9,0.17,-32,50.7,6.8,0,0,0,0,0,86.3,1017.2,5,108,2019-05-01T03:30:00+02:00,PT15M
9,0.17,-35,50.7,6.7,0,0,0,0,0,86.5,1017.1,5,106,2019-05-01T03:45:00+02:00,PT15M
9,0.17,-39,50.7,6.7,0,0,0,0,0,86.6,1016.9,4.9,105,2019-05-01T04:00:00+02:00,PT15M
9,0.17,-42,50.7,6.7,0,0,0,0,0,86.9,1016.8,4.9,104,2019-05-01T04:15:00+02:00,PT15M
9,0.17,-46,53.9,6.7,0,0,0,0,0,87.3,1016.7,4.9,102,2019-05-01T04:30:00+02:00,PT15M
9,0.17,-49,62.4,6.6,0,0,0,0,0,87.8,1016.6,4.9,100,2019-05-01T04:45:00+02:00,PT15M
9,0.17,-52,72.6,6.6,0,0,0,0,0,88.2,1016.5,5,99,2019-05-01T05:00:00+02:00,PT15M
8,0.17,-55,85.8,6.6,0,0,0,0,0,88.4,1016.5,5,97,2019-05-01T05:15:00+02:00,PT15M
8,0.17,-58,88.5,6.5,0,0,0,0,0,88.2,1016.4,5.1,95,2019-05-01T05:30:00+02:00,PT15M
8,0.17,-61,88.2,6.5,0,0,0,0,0,88.1,1016.4,5.1,93,2019-05-01T05:45:00+02:00,PT15M
8,0.17,-64,90.3,6.4,0,0,0,0,0,87.9,1016.3,5.2,91,2019-05-01T06:00:00+02:00,PT15M
8,0.17,-67,89.1,6.4,1,0,1,1,0,87.9,1016.3,5.2,89,2019-05-01T06:15:00+02:00,PT15M
8,0.17,-70,86.2,6.4,4,0,4,3,0,88,1016.3,5.4,87,2019-05-01T06:30:00+02:00,PT15M
8,0.17,-73,82.1,6.3,8,0,8,8,0,88.2,1016.3,5.5,84,2019-05-01T06:45:00+02:00,PT15M
8,0.17,-76,85.9,6.3,10,0,10,10,0,88.3,1016.3,5.6,82,2019-05-01T07:00:00+02:00,PT15M
8,0.17,-79,85.1,6.3,16,0,16,15,0,88.3,1016.3,5.7,80,2019-05-01T07:15:00+02:00,PT15M
8,0.17,-82,79.4,6.3,29,0,29,28,0,88.2,1016.3,5.7,78,2019-05-01T07:30:00+02:00,PT15M
8,0.17,-85,70.8,6.4,51,0,51,49,0,88,1016.4,5.8,75,2019-05-01T07:45:00+02:00,PT15M
8,0.17,-88,70.4,6.4,63,0,63,61,0,87.9,1016.4,5.9,73,2019-05-01T08:00:00+02:00,PT15M
8,0.17,-91,70.2,6.4,75,0,75,72,0,87.6,1016.4,5.9,71,2019-05-01T08:15:00+02:00,PT15M
8,0.17,-94,67.7,6.4,94,0,94,91,0,87.2,1016.4,6,69,2019-05-01T08:30:00+02:00,PT15M
9,0.17,-97,62,6.4,126,0,126,122,0,86.7,1016.4,6,66,2019-05-01T08:45:00+02:00,PT15M
9,0.17,-100,59.3,6.4,151,0,151,146,0,86.3,1016.4,6,64,2019-05-01T09:00:00+02:00,PT15M
9,0.17,-103,52,6.4,198,0,198,191,0,85.6,1016.4,6,62,2019-05-01T09:15:00+02:00,PT15M
9,0.17,-107,44.1,6.4,252,0,252,243,0,84.6,1016.3,6,60,2019-05-01T09:30:00+02:00,PT15M
9,0.17,-110,37.4,6.5,307,0,307,296,0,83.6,1016.3,6,58,2019-05-01T09:45:00+02:00,PT15M
9,0.17,-113,28.1,6.5,314,113,379,384,0,82.6,1016.2,6,55,2019-05-01T10:00:00+02:00,PT15M
10,0.17,-117,14.5,6.5,254,379,481,525,0,81.6,1016.2,6,53,2019-05-01T10:15:00+02:00,PT15M
10,0.17,-121,5.7,6.5,194,590,562,640,0,80.5,1016.2,6.1,51,2019-05-01T10:30:00+02:00,PT15M
10,0.17,-125,2.3,6.5,164,693,614,712,0,79.4,1016.2,6.2,49,2019-05-01T10:45:00+02:00,PT15M
10,0.17,-129,0,6.5,140,769,658,774,0,78.3,1016.2,6.2,48,2019-05-01T11:00:00+02:00,PT15M
10,0.17,-134,0,6.5,137,788,686,812,0,76.9,1016.2,6.2,46,2019-05-01T11:15:00+02:00,PT15M
11,0.17,-138,0,6.5,135,805,711,847,0,75.1,1016.1,6,44,2019-05-01T11:30:00+02:00,PT15M
11,0.17,-143,0,6.5,134,816,732,877,0,73.4,1016.1,5.8,43,2019-05-01T11:45:00+02:00,PT15M
11,0.17,-148,0,6.5,135,822,750,902,0,71.7,1016,5.6,42,2019-05-01T12:00:00+02:00,PT15M
12,0.17,-153,0,6.6,136,827,765,923,0,70.6,1015.9,5.5,40,2019-05-01T12:15:00+02:00,PT15M
12,0.17,-159,0,6.7,137,831,778,940,0,69.9,1015.8,5.6,40,2019-05-01T12:30:00+02:00,PT15M
12,0.17,-164,0,6.8,137,834,787,954,0,69.2,1015.7,5.8,39,2019-05-01T12:45:00+02:00,PT15M
13,0.17,-170,0,6.8,138,837,794,963,0,68.6,1015.6,5.9,38,2019-05-01T13:00:00+02:00,PT15M
13,0.17,-176,0,6.9,138,838,798,968,0,67.8,1015.4,6,38,2019-05-01T13:15:00+02:00,PT15M
13,0.17,178,0,7,138,838,798,969,0,66.9,1015.3,6.1,38,2019-05-01T13:30:00+02:00,PT15M
13,0.17,172,0,7.1,138,838,796,966,0,66.1,1015.1,6.1,38,2019-05-01T13:45:00+02:00,PT15M
14,0.17,166,0,7.2,137,837,791,959,0,65.2,1015,6.2,39,2019-05-01T14:00:00+02:00,PT15M
14,0.17,161,0,7.2,137,834,783,947,0,64.5,1014.8,6.3,39,2019-05-01T14:15:00+02:00,PT15M
14,0.17,155,0,7.2,136,831,772,931,0,63.7,1014.7,6.3,40,2019-05-01T14:30:00+02:00,PT15M
14,0.17,150,0,7.3,135,826,758,912,0,63,1014.5,6.4,41,2019-05-01T14:45:00+02:00,PT15M
14,0.17,145,0,7.3,135,819,740,888,0,62.3,1014.4,6.5,42,2019-05-01T15:00:00+02:00,PT15M
15,0.17,140,0,7.3,134,811,721,860,0,61.7,1014.2,6.6,44,2019-05-01T15:15:00+02:00,PT15M
15,0.17,135,0,7.3,134,802,698,829,0,61.2,1014.1,6.9,45,2019-05-01T15:30:00+02:00,PT15M
15,0.17,131,0,7.4,133,790,673,794,0,60.8,1014,7.1,47,2019-05-01T15:45:00+02:00,PT15M
15,0.17,126,0,7.4,134,775,645,755,0,60.3,1013.8,7.4,49,2019-05-01T16:00:00+02:00,PT15M
15,0.17,122,0,7.4,134,758,615,714,0,59.6,1013.7,7.5,51,2019-05-01T16:15:00+02:00,PT15M
15,0.17,118,0,7.2,133,740,583,669,0,58.7,1013.6,7.5,53,2019-05-01T16:30:00+02:00,PT15M
15,0.17,115,0,7.2,133,718,549,622,0,57.8,1013.4,7.5,55,2019-05-01T16:45:00+02:00,PT15M
16,0.17,111,0,7,132,691,512,573,0,57,1013.3,7.5,57,2019-05-01T17:00:00+02:00,PT15M
16,0.17,108,0,7,131,662,474,522,0,56.4,1013.1,7.5,59,2019-05-01T17:15:00+02:00,PT15M
16,0.17,104,0,6.9,129,630,435,469,0,56.1,1013,7.4,61,2019-05-01T17:30:00+02:00,PT15M
16,0.17,101,0,6.8,126,596,394,416,0,55.9,1012.8,7.3,63,2019-05-01T17:45:00+02:00,PT15M
16,0.17,98,0,6.7,121,559,353,364,0,55.6,1012.7,7.2,65,2019-05-01T18:00:00+02:00,PT15M
16,0.17,95,0,6.7,115,519,312,312,0,55.5,1012.6,7.1,68,2019-05-01T18:15:00+02:00,PT15M
15,0.17,92,0,6.6,109,474,271,261,0,55.8,1012.6,6.9,70,2019-05-01T18:30:00+02:00,PT15M
15,0.17,89,4.5,6.6,114,348,220,205,0,56.1,1012.6,6.8,72,2019-05-01T18:45:00+02:00,PT15M
15,0.17,86,11.1,6.5,117,197,169,154,0,56.3,1012.6,6.6,75,2019-05-01T19:00:00+02:00,PT15M
15,0.17,83,12.3,6.5,102,136,134,119,0,57.1,1012.5,6.5,77,2019-05-01T19:15:00+02:00,PT15M
15,0.17,80,15.7,6.6,88,54,98,90,0,58.4,1012.3,6.5,79,2019-05-01T19:30:00+02:00,PT15M
14,0.17,77,16.8,6.6,70,3,70,67,0,59.8,1012.2,6.4,81,2019-05-01T19:45:00+02:00,PT15M
14,0.17,74,11,6.7,48,14,50,46,0,61.1,1012,6.3,83,2019-05-01T20:00:00+02:00,PT15M
14,0.17,71,1.2,6.7,28,43,32,27,0,62.6,1012,6.3,86,2019-05-01T20:15:00+02:00,PT15M
13,0.17,68,0,6.7,13,9,14,13,0,64.3,1012,6.3,88,2019-05-01T20:30:00+02:00,PT15M
13,0.17,65,6.2,6.6,1,0,1,1,0,66,1012,6.3,90,2019-05-01T20:45:00+02:00,PT15M
12,0.17,62,16.7,6.6,0,0,0,0,0,67.7,1012.1,6.3,92,2019-05-01T21:00:00+02:00,PT15M
12,0.17,59,14.1,6.6,0,0,0,0,0,69.5,1012.1,6.3,94,2019-05-01T21:15:00+02:00,PT15M
12,0.17,56,1.3,6.5,0,0,0,0,0,71.2,1012,6.2,96,2019-05-01T21:30:00+02:00,PT15M
11,0.17,53,0,6.5,0,0,0,0,0,73,1012,6.2,98,2019-05-01T21:45:00+02:00,PT15M
11,0.17,50,15.1,6.4,0,0,0,0,0,74.8,1012,6.1,99,2019-05-01T22:00:00+02:00,PT15M
10,0.17,47,44.9,6.4,0,0,0,0,0,76.4,1011.9,6.1,101,2019-05-01T22:15:00+02:00,PT15M
10,0.17,43,49.6,6.3,0,0,0,0,0,77.9,1011.9,6,103,2019-05-01T22:30:00+02:00,PT15M
10,0.17,40,44.8,6.3,0,0,0,0,0,79.3,1011.8,6,104,2019-05-01T22:45:00+02:00,PT15M
9,0.17,36,32.7,6.2,0,0,0,0,0,80.8,1011.7,5.9,106,2019-05-01T23:00:00+02:00,PT15M
9,0.17,33,1.6,6.2,0,0,0,0,0,81.7,1011.6,5.8,107,2019-05-01T23:15:00+02:00,PT15M
9,0.17,29,0,6.1,0,0,0,0,0,82.1,1011.6,5.7,108,2019-05-01T23:30:00+02:00,PT15M
9,0.17,26,0,6,0,0,0,0,0,82.5,1011.5,5.6,109,2019-05-01T23:45:00+02:00,PT15M
9,0.17,22,0,5.9,0,0,0,0,0,82.9,1011.4,5.5,110,2019-05-02T00:00:00+02:00,PT15M
8,0.17,18,0,5.8,0,0,0,0,0,83.3,1011.3,5.5,111,2019-05-02T00:15:00+02:00,PT15M
8,0.17,14,0,5.7,0,0,0,0,0,83.8,1011.3,5.7,112,2019-05-02T00:30:00+02:00,PT15M
8,0.17,10,0,5.7,0,0,0,0,0,84.2,1011.2,5.8,112,2019-05-02T00:45:00+02:00,PT15M
8,0.17,7,0,5.6,0,0,0,0,0,84.6,1011.1,5.9,112,2019-05-02T01:00:00+02:00,PT15M
8,0.17,3,0,5.6,0,0,0,0,0,84.9,1011,6.1,113,2019-05-02T01:15:00+02:00,PT15M
8,0.17,-1,0,5.5,0,0,0,0,0,85,1010.9,6.2,113,2019-05-02T01:30:00+02:00,PT15M
8,0.17,-5,5.2,5.4,0,0,0,0,0,85.2,1010.8,6.3,112,2019-05-02T01:45:00+02:00,PT15M
8,0.17,-9,9.8,5.3,0,0,0,0,0,85.3,1010.7,6.5,112,2019-05-02T02:00:00+02:00,PT15M
8,0.17,-13,1.2,5.3,0,0,0,0,0,85.4,1010.6,6.6,112,2019-05-02T02:15:00+02:00,PT15M
8,0.17,-17,0,5.2,0,0,0,0,0,85.3,1010.4,6.6,111,2019-05-02T02:30:00+02:00,PT15M
7,0.17,-21,0,5.1,0,0,0,0,0,85.3,1010.3,6.7,110,2019-05-02T02:45:00+02:00,PT15M
7,0.17,-24,0,5,0,0,0,0,0,85.3,1010.1,6.8,109,2019-05-02T03:00:00+02:00,PT15M
7,0.17,-28,0,5,0,0,0,0,0,85.2,1010,6.8,108,2019-05-02T03:15:00+02:00,PT15M
7,0.17,-32,0,4.9,0,0,0,0,0,84.9,1009.9,6.9,107,2019-05-02T03:30:00+02:00,PT15M
7,0.17,-35,0,4.9,0,0,0,0,0,84.6,1009.7,6.9,106,2019-05-02T03:45:00+02:00,PT15M
7,0.17,-39,0,4.8,0,0,0,0,0,84.3,1009.6,6.9,105,2019-05-02T04:00:00+02:00,PT15M
7,0.17,-42,0,4.8,0,0,0,0,0,84,1009.5,7,103,2019-05-02T04:15:00+02:00,PT15M
7,0.17,-45,0,4.7,0,0,0,0,0,83.7,1009.4,7,102,2019-05-02T04:30:00+02:00,PT15M
7,0.17,-49,0,4.7,0,0,0,0,0,83.4,1009.3,7.1,100,2019-05-02T04:45:00+02:00,PT15M
7,0.17,-52,0,4.6,0,0,0,0,0,83.1,1009.2,7.2,98,2019-05-02T05:00:00+02:00,PT15M
7,0.17,-55,0,4.6,0,0,0,0,0,82.9,1009.1,7.2,96,2019-05-02T05:15:00+02:00,PT15M
7,0.17,-58,0,4.6,0,0,0,0,0,82.8,1009,7.2,94,2019-05-02T05:30:00+02:00,PT15M
7,0.17,-61,0,4.6,0,0,0,0,0,82.6,1009,7.1,93,2019-05-02T05:45:00+02:00,PT15M
7,0.17,-64,0,4.6,0,0,0,0,0,82.5,1008.9,7.1,90,2019-05-02T06:00:00+02:00,PT15M
7,0.17,-67,0,4.6,9,10,10,9,0,82.4,1008.8,7.1,88,2019-05-02T06:15:00+02:00,PT15M
7,0.17,-70,28.2,4.6,19,13,20,18,0,82.4,1008.7,7.1,86,2019-05-02T06:30:00+02:00,PT15M
8,0.17,-73,79.7,4.7,11,0,11,10,0,82.4,1008.7,7,84,2019-05-02T06:45:00+02:00,PT15M
8,0.17,-76,88,4.7,10,0,10,10,0,82.4,1008.6,7,82,2019-05-02T07:00:00+02:00,PT15M
8,0.17,-79,84.2,4.8,18,0,18,18,0,82.5,1008.5,7,80,2019-05-02T07:15:00+02:00,PT15M
8,0.17,-82,80.6,4.9,29,0,29,28,0,82.7,1008.5,7.1,77,2019-05-02T07:30:00+02:00,PT15M
8,0.17,-85,76.6,5,44,0,44,42,0,82.8,1008.5,7.1,75,2019-05-02T07:45:00+02:00,PT15M
8,0.17,-88,75.8,5.1,55,0,55,53,0,83,1008.5,7.2,73,2019-05-02T08:00:00+02:00,PT15M
8,0.17,-91,76.3,5.2,63,0,63,60,0,83,1008.4,7.3,71,2019-05-02T08:15:00+02:00,PT15M
8,0.17,-94,77,5.2,69,0,69,67,0,83.1,1008.4,7.3,68,2019-05-02T08:30:00+02:00,PT15M
8,0.17,-97,78.7,5.4,73,0,73,70,0,83.1,1008.3,7.4,66,2019-05-02T08:45:00+02:00,PT15M
8,0.17,-100,78.2,5.4,83,0,83,80,0,83.1,1008.3,7.5,64,2019-05-02T09:00:00+02:00,PT15M
8,0.17,-103,77.6,5.6,94,0,94,91,0,83,1008.2,7.6,62,2019-05-02T09:15:00+02:00,PT15M
9,0.17,-106,77.2,5.7,104,0,104,100,0,82.9,1008.2,7.7,59,2019-05-02T09:30:00+02:00,PT15M
9,0.17,-110,76.8,5.9,114,0,114,110,0,82.8,1008.1,7.8,57,2019-05-02T09:45:00+02:00,PT15M
9,0.17,-113,77.3,6,119,0,119,115,0,82.7,1008.1,7.9,55,2019-05-02T10:00:00+02:00,PT15M
9,0.17,-117,77,6.1,128,0,128,124,0,82.5,1008,8,53,2019-05-02T10:15:00+02:00,PT15M
9,0.17,-121,77,6.2,136,0,136,131,0,82.2,1008,8.2,51,2019-05-02T10:30:00+02:00,PT15M
9,0.17,-125,77.2,6.3,141,0,141,136,0,81.9,1008,8.3,49,2019-05-02T10:45:00+02:00,PT15M
9,0.17,-129,77.5,6.4,145,0,145,140,0,81.7,1008,8.5,47,2019-05-02T11:00:00+02:00,PT15M
10,0.17,-133,78.7,6.5,143,0,143,138,0,81.3,1007.9,8.5,46,2019-05-02T11:15:00+02:00,PT15M
10,0.17,-138,79.2,6.6,144,0,144,139,0,80.8,1007.9,8.4,44,2019-05-02T11:30:00+02:00,PT15M
10,0.17,-143,77.1,6.8,163,0,163,157,0,80.2,1007.8,8.3,43,2019-05-02T11:45:00+02:00,PT15M
10,0.17,-148,72.6,6.9,200,0,200,193,0,79.7,1007.8,8.2,41,2019-05-02T12:00:00+02:00,PT15M
11,0.17,-153,74.3,7,191,0,191,185,0.1,79.2,1007.7,8.1,40,2019-05-02T12:15:00+02:00,PT15M
11,0.17,-159,76.2,7.2,180,0,180,174,0.1,78.7,1007.6,8.2,39,2019-05-02T12:30:00+02:00,PT15M
11,0.17,-164,74.7,7.2,193,0,193,187,0.1,78.2,1007.5,8.3,39,2019-05-02T12:45:00+02:00,PT15M
11,0.17,-170,73.3,7.4,206,0,206,199,0.1,77.7,1007.4,8.4,38,2019-05-02T13:00:00+02:00,PT15M
11,0.17,-176,66.1,7.4,262,0,262,253,0.2,77.1,1007.3,8.4,38,2019-05-02T13:15:00+02:00,PT15M
12,0.17,178,52.4,7.5,369,0,369,356,0.2,76.5,1007.2,8.4,38,2019-05-02T13:30:00+02:00,PT15M
12,0.17,172,54.7,7.5,350,0,350,337,0.2,75.9,1007.2,8.3,38,2019-05-02T13:45:00+02:00,PT15M
12,0.17,166,67.5,7.6,248,0,248,240,0.2,75.3,1007.1,8.3,38,2019-05-02T14:00:00+02:00,PT15M
12,0.17,161,73.2,7.7,202,0,202,195,0.1,74.6,1006.9,8.3,39,2019-05-02T14:15:00+02:00,PT15M
12,0.17,155,80.2,7.8,147,0,147,142,0.1,73.9,1006.7,8.3,40,2019-05-02T14:30:00+02:00,PT15M
13,0.17,150,82.7,7.9,126,0,126,121,0.1,73.2,1006.5,8.3,41,2019-05-02T14:45:00+02:00,PT15M
13,0.17,145,82.8,8,123,0,123,118,0.1,72.5,1006.3,8.2,42,2019-05-02T15:00:00+02:00,PT15M
13,0.17,140,82.2,8.1,123,0,123,119,0.3,72,1006.1,8.3,43,2019-05-02T15:15:00+02:00,PT15M
13,0.17,135,83.9,8.2,108,0,108,104,0.3,71.6,1005.9,8.4,45,2019-05-02T15:30:00+02:00,PT15M
13,0.17,130,85.4,8.2,94,0,94,91,0.3,71.3,1005.7,8.5,47,2019-05-02T15:45:00+02:00,PT15M
13,0.17,126,85.4,8.3,91,0,91,87,0.3,71,1005.4,8.6,48,2019-05-02T16:00:00+02:00,PT15M
14,0.17,122,84.7,8.3,90,0,90,87,0.1,70.6,1005.3,8.9,50,2019-05-02T16:15:00+02:00,PT15M
14,0.17,118,80.9,8.3,107,0,107,104,0.1,70.1,1005.4,9.3,52,2019-05-02T16:30:00+02:00,PT15M
14,0.17,114,79.2,8.3,110,0,110,106,0.1,69.6,1005.4,9.7,54,2019-05-02T16:45:00+02:00,PT15M
14,0.17,111,77,8.3,114,0,114,110,0.1,69.2,1005.4,10,56,2019-05-02T17:00:00+02:00,PT15M
14,0.17,107,66.9,8.3,153,0,153,148,1.1,69.8,1005.4,10.1,59,2019-05-02T17:15:00+02:00,PT15M
13,0.17,104,58.8,8.3,176,0,176,170,1.1,71.5,1005.4,9.8,61,2019-05-02T17:30:00+02:00,PT15M
13,0.17,101,59.4,8.3,159,0,159,154,1.1,73.3,1005.3,9.5,63,2019-05-02T17:45:00+02:00,PT15M
13,0.17,98,61.3,8.3,137,0,137,132,1.1,75.1,1005.3,9.2,65,2019-05-02T18:00:00+02:00,PT15M
12,0.17,95,57.3,8.3,136,0,136,131,0.9,77.3,1005.2,8.9,68,2019-05-02T18:15:00+02:00,PT15M
12,0.17,92,53.2,8.4,131,0,131,127,0.9,79.7,1005.2,8.6,70,2019-05-02T18:30:00+02:00,PT15M
11,0.17,89,49,8.5,124,0,124,119,0.9,82.3,1005.2,8.3,72,2019-05-02T18:45:00+02:00,PT15M
11,0.17,86,38.8,8.6,126,0,126,122,0.9,84.9,1005.1,8,74,2019-05-02T19:00:00+02:00,PT15M
11,0.17,83,33,8.6,114,0,114,110,0.3,86.6,1005.1,7.8,77,2019-05-02T19:15:00+02:00,PT15M
11,0.17,80,36.3,8.6,87,0,87,84,0.3,87.4,1005.1,7.8,79,2019-05-02T19:30:00+02:00,PT15M
11,0.17,77,45.8,8.7,56,0,56,54,0.3,88.1,1005.1,7.7,81,2019-05-02T19:45:00+02:00,PT15M
11,0.17,74,51.2,8.7,34,0,34,33,0.3,88.8,1005.1,7.6,83,2019-05-02T20:00:00+02:00,PT15M
10,0.17,71,36.6,8.6,27,0,27,26,0.1,89.4,1005.2,7.5,85,2019-05-02T20:15:00+02:00,PT15M
10,0.17,68,29.5,8.5,14,0,14,13,0.1,89.6,1005.3,7.6,88,2019-05-02T20:30:00+02:00,PT15M
10,0.17,65,30.4,8.4,2,0,2,2,0.1,89.9,1005.4,7.6,90,2019-05-02T20:45:00+02:00,PT15M
10,0.17,62,31.2,8.3,0,0,0,0,0.1,90.2,1005.5,7.6,92,2019-05-02T21:00:00+02:00,PT15M
10,0.17,59,32.2,8.1,0,0,0,0,0,90.1,1005.6,7.6,94,2019-05-02T21:15:00+02:00,PT15M
9,0.17,56,29.5,7.8,0,0,0,0,0,89.7,1005.7,7.5,96,2019-05-02T21:30:00+02:00,PT15M
9,0.17,53,27.6,7.6,0,0,0,0,0,89.2,1005.8,7.4,97,2019-05-02T21:45:00+02:00,PT15M
9,0.17,50,27.6,7.3,0,0,0,0,0,88.7,1005.9,7.3,99,2019-05-02T22:00:00+02:00,PT15M
9,0.17,46,29.7,7.1,0,0,0,0,0,88.2,1006,7.3,101,2019-05-02T22:15:00+02:00,PT15M
9,0.17,43,34.8,6.9,0,0,0,0,0,87.6,1006.1,7.3,102,2019-05-02T22:30:00+02:00,PT15M
9,0.17,40,37,6.7,0,0,0,0,0,87,1006.2,7.3,104,2019-05-02T22:45:00+02:00,PT15M
9,0.17,36,33.8,6.5,0,0,0,0,0,86.4,1006.3,7.3,105,2019-05-02T23:00:00+02:00,PT15M
9,0.17,33,20.6,6.3,0,0,0,0,0,85.9,1006.4,7.2,107,2019-05-02T23:15:00+02:00,PT15M
8,0.17,29,20.4,6,0,0,0,0,0,85.6,1006.6,7.1,108,2019-05-02T23:30:00+02:00,PT15M
8,0.17,26,20.4,5.8,0,0,0,0,0,85.3,1006.7,7,109,2019-05-02T23:45:00+02:00,PT15M
8,0.17,22,20.8,5.5,0,0,0,0,0,85,1006.9,6.9,110,2019-05-03T00:00:00+02:00,PT15M
8,0.17,18,21.8,5.3,0,0,0,0,0,84.9,1007,6.8,111,2019-05-03T00:15:00+02:00,PT15M
8,0.17,14,21.8,5.2,0,0,0,0,0,85,1007,6.9,111,2019-05-03T00:30:00+02:00,PT15M
7,0.17,10,21.8,5,0,0,0,0,0,85.1,1007.1,6.9,112,2019-05-03T00:45:00+02:00,PT15M
7,0.17,7,21.8,4.9,0,0,0,0,0,85.2,1007.1,6.9,112,2019-05-03T01:00:00+02:00,PT15M
7,0.17,3,21.8,4.7,0,0,0,0,0,85.1,1007.2,7,112,2019-05-03T01:15:00+02:00,PT15M
7,0.17,-1,21.8,4.5,0,0,0,0,0,84.6,1007.3,7.2,112,2019-05-03T01:30:00+02:00,PT15M
7,0.17,-5,21.8,4.4,0,0,0,0,0,84.2,1007.3,7.4,112,2019-05-03T01:45:00+02:00,PT15M
7,0.17,-9,32.5,4.2,0,0,0,0,0,83.7,1007.4,7.6,112,2019-05-03T02:00:00+02:00,PT15M
7,0.18,-13,54.2,4,0,0,0,0,0,83.5,1007.5,7.6,111,2019-05-03T02:15:00+02:00,PT15M
6,0.18,-17,55.2,3.8,0,0,0,0,0,83.5,1007.5,7.5,111,2019-05-03T02:30:00+02:00,PT15M
6,0.18,-21,55.2,3.7,0,0,0,0,0,83.4,1007.6,7.3,110,2019-05-03T02:45:00+02:00,PT15M
6,0.18,-24,55.9,3.5,0,0,0,0,0,83.4,1007.6,7.1,109,2019-05-03T03:00:00+02:00,PT15M
6,0.18,-28,60.3,3.3,0,0,0,0,0,83.3,1007.7,7,108,2019-05-03T03:15:00+02:00,PT15M
6,0.18,-32,63.4,3.2,0,0,0,0,0,83.2,1007.7,7,107,2019-05-03T03:30:00+02:00,PT15M
6,0.18,-35,55.8,3.1,0,0,0,0,0,83,1007.7,7,106,2019-05-03T03:45:00+02:00,PT15M
6,0.18,-39,54.5,3,0,0,0,0,0,82.8,1007.7,7,104,2019-05-03T04:00:00+02:00,PT15M
6,0.18,-42,55.9,2.8,0,0,0,0,0,82.7,1007.8,7,103,2019-05-03T04:15:00+02:00,PT15M
5,0.18,-45,56.7,2.6,0,0,0,0,0,82.5,1007.9,7,101,2019-05-03T04:30:00+02:00,PT15M
5,0.18,-49,54.6,2.5,0,0,0,0,0,82.4,1007.9,7,100,2019-05-03T04:45:00+02:00,PT15M
5,0.18,-52,55.8,2.3,0,0,0,0,0,82.2,1008,7,98,2019-05-03T05:00:00+02:00,PT15M
5,0.18,-55,56.2,2.1,0,0,0,0,0,82,1008.1,7,96,2019-05-03T05:15:00+02:00,PT15M
5,0.18,-58,36.4,2,0,0,0,0,0,81.7,1008.2,7,94,2019-05-03T05:30:00+02:00,PT15M
5,0.18,-61,14.5,1.9,0,0,0,0,0,81.4,1008.4,7,92,2019-05-03T05:45:00+02:00,PT15M
5,0.18,-64,1.3,1.8,1,1,1,1,0,81.1,1008.5,7,90,2019-05-03T06:00:00+02:00,PT15M
5,0.18,-67,0,1.7,12,33,15,11,0,80.5,1008.6,7,88,2019-05-03T06:15:00+02:00,PT15M
5,0.18,-70,9.6,1.6,28,60,34,26,0,79.6,1008.8,6.9,86,2019-05-03T06:30:00+02:00,PT15M
5,0.18,-73,25.5,1.5,50,0,50,48,0,78.8,1009,6.9,84,2019-05-03T06:45:00+02:00,PT15M
5,0.18,-76,23.1,1.3,69,51,77,68,0,77.9,1009.2,6.9,82,2019-05-03T07:00:00+02:00,PT15M
5,0.18,-79,16.5,1.4,80,181,114,91,0,77.1,1009.3,6.8,79,2019-05-03T07:15:00+02:00,PT15M
5,0.18,-82,9.9,1.5,84,329,157,125,0,76.1,1009.4,6.9,77,2019-05-03T07:30:00+02:00,PT15M
6,0.18,-85,3.1,1.6,76,505,208,173,0,75.2,1009.6,6.9,75,2019-05-03T07:45:00+02:00,PT15M
6,0.18,-87,0,1.6,72,616,255,226,0,74.4,1009.7,6.9,73,2019-05-03T08:00:00+02:00,PT15M
6,0.18,-90,0,1.7,76,660,297,279,0.2,73,1009.8,7,70,2019-05-03T08:15:00+02:00,PT15M
6,0.18,-93,1.4,1.6,87,664,334,328,0.2,71.3,1009.8,7.2,68,2019-05-03T08:30:00+02:00,PT15M
7,0.18,-96,11.6,1.5,147,463,336,338,0.2,69.5,1009.8,7.4,66,2019-05-03T08:45:00+02:00,PT15M
7,0.18,-100,19.2,1.3,197,321,340,346,0.2,67.9,1009.8,7.7,64,2019-05-03T09:00:00+02:00,PT15M
7,0.18,-103,10.8,1.2,165,510,410,433,0.1,66.1,1009.9,7.7,61,2019-05-03T09:15:00+02:00,PT15M
7,0.18,-106,8,1,155,591,459,496,0.1,64.3,1009.9,7.6,59,2019-05-03T09:30:00+02:00,PT15M
8,0.18,-110,5.3,0.9,143,670,507,560,0.1,62.5,1009.9,7.5,57,2019-05-03T09:45:00+02:00,PT15M
8,0.18,-113,17.2,0.7,240,406,472,510,0.1,60.8,1009.9,7.4,55,2019-05-03T10:00:00+02:00,PT15M
8,0.18,-117,30.8,0.5,333,142,419,428,0,59.3,1009.9,7.4,53,2019-05-03T10:15:00+02:00,PT15M
8,0.18,-121,36.1,0.4,371,58,407,405,0,58.1,1009.9,7.5,51,2019-05-03T10:30:00+02:00,PT15M
8,0.18,-125,41.8,0.2,387,3,389,376,0,56.9,1009.9,7.6,49,2019-05-03T10:45:00+02:00,PT15M
8,0.18,-129,46.6,0.1,371,0,371,359,0,55.7,1009.9,7.7,47,2019-05-03T11:00:00+02:00,PT15M
9,0.18,-133,49.7,0,362,0,362,350,0.1,55.1,1009.9,7.8,45,2019-05-03T11:15:00+02:00,PT15M
9,0.18,-138,51.3,0.1,362,0,362,349,0.1,55,1010,7.9,44,2019-05-03T11:30:00+02:00,PT15M
9,0.18,-143,39.9,0.1,452,8,458,444,0.1,54.9,1010,7.9,42,2019-05-03T11:45:00+02:00,PT15M
9,0.18,-148,46.8,0.2,414,0,414,400,0.1,54.8,1010.1,8,41,2019-05-03T12:00:00+02:00,PT15M
9,0.18,-153,55.1,0.2,356,0,356,344,0.1,54.6,1010.1,8.1,40,2019-05-03T12:15:00+02:00,PT15M
9,0.18,-159,52.6,0.1,381,0,381,368,0.1,54.2,1010.1,8.1,39,2019-05-03T12:30:00+02:00,PT15M
9,0.18,-164,56.4,0.1,355,0,355,343,0.1,53.9,1010,8.1,38,2019-05-03T12:45:00+02:00,PT15M
9,0.18,-170,49.7,0,413,0,413,398,0.1,53.5,1010,8.1,38,2019-05-03T13:00:00+02:00,PT15M
9,0.18,-176,51.8,0,398,0,398,384,0.1,53.1,1009.9,8.1,37,2019-05-03T13:15:00+02:00,PT15M
9,0.18,178,50.8,0.1,406,0,406,392,0.1,52.8,1009.8,8.2,37,2019-05-03T13:30:00+02:00,PT15M
9,0.18,172,54.1,0.1,378,0,378,365,0.1,52.4,1009.6,8.2,38,2019-05-03T13:45:00+02:00,PT15M
10,0.18,166,47.8,0.2,426,0,426,411,0.1,52.1,1009.5,8.3,38,2019-05-03T14:00:00+02:00,PT15M
10,0.18,160,55.5,0.2,360,0,360,347,0.1,51.8,1009.5,8.4,39,2019-05-03T14:15:00+02:00,PT15M
10,0.18,155,70.8,0.1,233,0,233,225,0.1,51.5,1009.5,8.5,40,2019-05-03T14:30:00+02:00,PT15M
10,0.18,150,69.4,0,239,0,239,231,0.1,51.2,1009.5,8.6,41,2019-05-03T14:45:00+02:00,PT15M
10,0.18,144,69.5,-0.1,233,0,233,225,0.1,51,1009.5,8.7,42,2019-05-03T15:00:00+02:00,PT15M
10,0.18,139,72.7,-0.1,203,0,203,196,0.1,50.6,1009.5,8.7,43,2019-05-03T15:15:00+02:00,PT15M
10,0.18,135,70.3,-0.1,215,0,215,207,0.1,50.3,1009.3,8.6,45,2019-05-03T15:30:00+02:00,PT15M
10,0.18,130,72.5,-0.1,192,0,192,186,0.1,50,1009.1,8.6,46,2019-05-03T15:45:00+02:00,PT15M
10,0.18,126,74.3,-0.1,172,0,172,166,0.1,49.6,1008.9,8.5,48,2019-05-03T16:00:00+02:00,PT15M
10,0.18,122,68.6,-0.1,201,0,201,194,0.1,49.3,1008.8,8.5,50,2019-05-03T16:15:00+02:00,PT15M
10,0.18,118,60.6,-0.2,239,0,239,231,0.1,48.8,1008.7,8.5,52,2019-05-03T16:30:00+02:00,PT15M
10,0.18,114,39,-0.2,348,5,351,340,0.1,48.4,1008.7,8.5,54,2019-05-03T16:45:00+02:00,PT15M
10,0.18,111,37.1,-0.3,327,23,340,332,0.1,48,1008.6,8.5,56,2019-05-03T17:00:00+02:00,PT15M
10,0.18,107,39.2,-0.2,299,15,307,298,0,48.2,1008.5,8.5,58,2019-05-03T17:15:00+02:00,PT15M
10,0.18,104,49.8,-0.1,234,0,234,226,0,49.1,1008.4,8.4,61,2019-05-03T17:30:00+02:00,PT15M
10,0.18,101,56,0,188,0,188,181,0,49.9,1008.3,8.3,63,2019-05-03T17:45:00+02:00,PT15M
10,0.18,97,55.2,0.1,173,0,173,167,0,50.8,1008.2,8.2,65,2019-05-03T18:00:00+02:00,PT15M
10,0.18,94,53,0.3,163,0,163,157,0,51.7,1008.1,8.2,67,2019-05-03T18:15:00+02:00,PT15M
10,0.18,91,58.4,0.4,128,0,128,123,0,52.7,1008.1,8.1,70,2019-05-03T18:30:00+02:00,PT15M
9,0.18,88,63.4,0.5,97,0,97,94,0,53.7,1008.1,8.1,72,2019-05-03T18:45:00+02:00,PT15M
9,0.18,85,62.4,0.6,84,0,84,81,0,54.8,1008.1,8,74,2019-05-03T19:00:00+02:00,PT15M
9,0.18,82,55.1,0.7,83,0,83,80,0,55.9,1008.1,7.9,76,2019-05-03T19:15:00+02:00,PT15M
9,0.18,80,55.2,0.8,66,0,66,64,0,57,1008.1,7.7,79,2019-05-03T19:30:00+02:00,PT15M
9,0.18,77,57.5,0.9,47,0,47,46,0,58.2,1008,7.5,81,2019-05-03T19:45:00+02:00,PT15M
8,0.18,74,59.3,1,31,0,31,30,0,59.4,1008,7.3,83,2019-05-03T20:00:00+02:00,PT15M
8,0.18,71,52,1,23,0,23,22,0,60.7,1008,7.2,85,2019-05-03T20:15:00+02:00,PT15M
8,0.18,68,55.7,1.1,10,0,10,10,0,62,1008,7.2,87,2019-05-03T20:30:00+02:00,PT15M
8,0.18,65,65.4,1.2,1,0,1,1,0,63.2,1008.1,7.2,89,2019-05-03T20:45:00+02:00,PT15M
8,0.18,62,67,1.3,0,0,0,0,0,64.6,1008.1,7.1,91,2019-05-03T21:00:00+02:00,PT15M
7,0.18,59,62.1,1.3,0,0,0,0,0,65.5,1008.1,7.1,93,2019-05-03T21:15:00+02:00,PT15M
7,0.18,56,65.1,1.3,0,0,0,0,0,65.9,1008.1,7.1,95,2019-05-03T21:30:00+02:00,PT15M
7,0.18,53,71.1,1.3,0,0,0,0,0,66.4,1008.1,7.2,97,2019-05-03T21:45:00+02:00,PT15M
7,0.18,50,73,1.3,0,0,0,0,0,66.8,1008.1,7.2,99,2019-05-03T22:00:00+02:00,PT15M
7,0.18,46,73,1.4,0,0,0,0,0.1,67.6,1008,7.2,101,2019-05-03T22:15:00+02:00,PT15M
7,0.18,43,73.8,1.5,0,0,0,0,0.1,68.8,1008,7.1,102,2019-05-03T22:30:00+02:00,PT15M
7,0.18,40,75.5,1.6,0,0,0,0,0.1,70,1007.9,7.1,104,2019-05-03T22:45:00+02:00,PT15M
7,0.18,36,68.7,1.6,0,0,0,0,0.1,71.3,1007.9,7.1,105,2019-05-03T23:00:00+02:00,PT15M
6,0.18,33,52.2,1.7,0,0,0,0,0,72.6,1007.8,7,106,2019-05-03T23:15:00+02:00,PT15M
6,0.18,29,51.9,1.7,0,0,0,0,0,74,1007.8,7,108,2019-05-03T23:30:00+02:00,PT15M
6,0.18,25,51.9,1.8,0,0,0,0,0,75.4,1007.8,7,109,2019-05-03T23:45:00+02:00,PT15M
6,0.18,22,51.9,1.8,0,0,0,0,0,76.9,1007.8,7,110,2019-05-04T00:00:00+02:00,PT15M
5,0.18,18,52.2,1.8,0,0,0,0,0,78.1,1007.7,6.9,110,2019-05-04T00:15:00+02:00,PT15M
5,0.18,14,53,1.9,0,0,0,0,0,79.1,1007.7,6.8,111,2019-05-04T00:30:00+02:00,PT15M
5,0.18,10,53,2,0,0,0,0,0,80,1007.6,6.7,111,2019-05-04T00:45:00+02:00,PT15M
5,0.18,6,52.7,2.1,0,0,0,0,0,81,1007.6,6.6,112,2019-05-04T01:00:00+02:00,PT15M
5,0.18,3,51.9,2.1,0,0,0,0,0,81.7,1007.5,6.5,112,2019-05-04T01:15:00+02:00,PT15M
5,0.18,-1,51.9,2,0,0,0,0,0,81.9,1007.4,6.4,112,2019-05-04T01:30:00+02:00,PT15M
5,0.18,-5,51.9,2,0,0,0,0,0,82.2,1007.3,6.3,112,2019-05-04T01:45:00+02:00,PT15M
5,0.18,-9,58.6,1.9,0,0,0,0,0,82.5,1007.2,6.2,112,2019-05-04T02:00:00+02:00,PT15M
5,0.18,-13,71.9,1.9,0,0,0,0,0,82.6,1007.1,6.1,111,2019-05-04T02:15:00+02:00,PT15M
4,0.18,-17,72.7,1.8,0,0,0,0,0,82.6,1007,6.1,110,2019-05-04T02:30:00+02:00,PT15M
4,0.18,-21,73.8,1.6,0,0,0,0,0,82.6,1006.9,6.2,110,2019-05-04T02:45:00+02:00,PT15M
4,0.18,-24,74.4,1.6,0,0,0,0,0,82.6,1006.8,6.2,109,2019-05-04T03:00:00+02:00,PT15M
4,0.18,-28,75.8,1.5,0,0,0,0,0,82.7,1006.7,6.2,108,2019-05-04T03:15:00+02:00,PT15M
4,0.18,-32,75,1.3,0,0,0,0,0,83,1006.6,6.3,107,2019-05-04T03:30:00+02:00,PT15M
4,0.18,-35,71.9,1.2,0,0,0,0,0,83.3,1006.5,6.3,105,2019-05-04T03:45:00+02:00,PT15M
4,0.18,-39,69.8,1.2,0,0,0,0,0,83.6,1006.4,6.4,104,2019-05-04T04:00:00+02:00,PT15M
4,0.18,-42,65.8,1,0,0,0,0,0,83.5,1006.3,6.4,103,2019-05-04T04:15:00+02:00,PT15M
4,0.18,-45,63.4,1,0,0,0,0,0,83,1006.2,6.4,101,2019-05-04T04:30:00+02:00,PT15M
4,0.18,-48,62.7,0.8,0,0,0,0,0,82.6,1006.2,6.3,99,2019-05-04T04:45:00+02:00,PT15M
4,0.18,-52,61.7,0.8,0,0,0,0,0,82.1,1006.1,6.3,98,2019-05-04T05:00:00+02:00,PT15M
4,0.18,-55,57.9,0.7,0,0,0,0,0,82,1006,6.3,96,2019-05-04T05:15:00+02:00,PT15M
3,0.18,-58,56.9,0.6,0,0,0,0,0,82.1,1005.9,6.3,94,2019-05-04T05:30:00+02:00,PT15M
3,0.18,-61,61.3,0.6,0,0,0,0,0,82.3,1005.8,6.2,92,2019-05-04T05:45:00+02:00,PT15M
3,0.18,-64,58.6,0.5,1,0,1,1,0,82.4,1005.8,6.2,90,2019-05-04T06:00:00+02:00,PT15M
3,0.18,-67,57.2,0.5,7,0,7,7,0,82.2,1005.7,6.2,88,2019-05-04T06:15:00+02:00,PT15M
3,0.18,-70,64.2,0.5,13,0,13,13,0,81.8,1005.7,6.3,86,2019-05-04T06:30:00+02:00,PT15M
3,0.18,-73,83.9,0.5,11,0,11,10,0,81.4,1005.6,6.3,84,2019-05-04T06:45:00+02:00,PT15M
4,0.18,-76,85,0.5,15,0,15,15,0,80.9,1005.6,6.3,81,2019-05-04T07:00:00+02:00,PT15M
4,0.18,-79,81.2,0.5,26,0,26,25,0,80.4,1005.6,6.3,79,2019-05-04T07:15:00+02:00,PT15M
4,0.18,-81,77.2,0.6,40,0,40,39,0,79.7,1005.6,6.3,77,2019-05-04T07:30:00+02:00,PT15M
4,0.18,-84,77.1,0.7,49,0,49,47,0,79,1005.7,6.3,75,2019-05-04T07:45:00+02:00,PT15M
4,0.18,-87,74.2,0.8,67,0,67,64,0,78.3,1005.8,6.2,72,2019-05-04T08:00:00+02:00,PT15M
4,0.18,-90,59.2,0.8,122,0,122,118,0,77.1,1005.8,6.3,70,2019-05-04T08:15:00+02:00,PT15M
5,0.18,-93,47.1,0.8,181,0,181,174,0,75.4,1005.8,6.4,68,2019-05-04T08:30:00+02:00,PT15M
5,0.18,-96,26.6,0.7,212,165,280,277,0,73.7,1005.7,6.5,66,2019-05-04T08:45:00+02:00,PT15M
5,0.18,-99,12.8,0.7,169,444,368,379,0,72,1005.7,6.7,63,2019-05-04T09:00:00+02:00,PT15M
6,0.18,-103,9.5,0.7,160,536,418,441,0.1,70.5,1005.6,6.8,61,2019-05-04T09:15:00+02:00,PT15M
6,0.18,-106,16.1,0.6,212,403,421,444,0.1,69.2,1005.6,6.7,59,2019-05-04T09:30:00+02:00,PT15M
6,0.18,-109,19.7,0.6,246,340,432,457,0.1,67.9,1005.6,6.7,57,2019-05-04T09:45:00+02:00,PT15M
6,0.18,-113,32.8,0.5,328,100,385,387,0.1,66.6,1005.6,6.7,55,2019-05-04T10:00:00+02:00,PT15M
7,0.18,-117,37.1,0.5,360,38,383,376,0.1,65.4,1005.6,6.6,53,2019-05-04T10:15:00+02:00,PT15M
7,0.18,-120,26.9,0.5,332,213,468,491,0.1,64.3,1005.6,6.6,51,2019-05-04T10:30:00+02:00,PT15M
7,0.18,-124,13.6,0.4,246,503,579,650,0.1,63.2,1005.6,6.6,49,2019-05-04T10:45:00+02:00,PT15M
7,0.18,-129,9.9,0.4,218,601,629,718,0.1,62.1,1005.5,6.5,47,2019-05-04T11:00:00+02:00,PT15M
7,0.18,-133,23,0.2,342,304,557,606,0.1,60.6,1005.5,6.4,45,2019-05-04T11:15:00+02:00,PT15M
8,0.18,-138,16.8,-0.1,300,443,621,699,0.1,58.7,1005.5,6.2,43,2019-05-04T11:30:00+02:00,PT15M
8,0.18,-143,20.1,-0.4,337,371,612,681,0.1,56.8,1005.5,5.9,42,2019-05-04T11:45:00+02:00,PT15M
8,0.18,-148,24.7,-0.6,382,275,590,641,0.1,55,1005.5,5.7,41,2019-05-04T12:00:00+02:00,PT15M
8,0.18,-153,37.9,-0.9,452,56,495,494,0.1,53.7,1005.5,5.7,40,2019-05-04T12:15:00+02:00,PT15M
8,0.18,-159,41.8,-1,443,36,471,466,0.1,52.8,1005.6,5.8,39,2019-05-04T12:30:00+02:00,PT15M
8,0.18,-164,25.7,-1.1,408,253,608,658,0.1,51.8,1005.6,5.9,38,2019-05-04T12:45:00+02:00,PT15M
8,0.18,-170,27.1,-1.2,421,226,601,645,0.1,50.9,1005.6,6,37,2019-05-04T13:00:00+02:00,PT15M
8,0.18,-176,19.9,-1.2,363,376,663,744,0.1,50.8,1005.7,6.1,37,2019-05-04T13:15:00+02:00,PT15M
8,0.18,178,26.6,-1.1,418,237,607,655,0.1,51.3,1005.7,6.2,37,2019-05-04T13:30:00+02:00,PT15M
8,0.18,172,40.2,-0.9,471,29,494,485,0.1,51.9,1005.8,6.2,37,2019-05-04T13:45:00+02:00,PT15M
8,0.18,166,51.5,-0.8,398,0,398,384,0.1,52.5,1005.9,6.3,38,2019-05-04T14:00:00+02:00,PT15M
8,0.18,160,49.1,-0.6,413,0,413,399,0.1,53.2,1006,6.3,38,2019-05-04T14:15:00+02:00,PT15M
8,0.18,155,29.9,-0.4,406,202,561,594,0.1,54,1006.1,6.3,39,2019-05-04T14:30:00+02:00,PT15M
8,0.18,149,7.3,-0.2,209,683,730,858,0.1,54.9,1006.3,6.3,40,2019-05-04T14:45:00+02:00,PT15M
8,0.18,144,11.5,0,251,575,681,786,0.1,55.8,1006.4,6.2,42,2019-05-04T15:00:00+02:00,PT15M
8,0.18,139,0,0.2,116,866,750,891,0.2,56.8,1006.5,6.1,43,2019-05-04T15:15:00+02:00,PT15M
8,0.18,134,0,0.3,114,859,727,860,0.2,57.8,1006.5,5.8,45,2019-05-04T15:30:00+02:00,PT15M
8,0.18,130,0.9,0.4,121,831,697,817,0.2,58.8,1006.6,5.5,46,2019-05-04T15:45:00+02:00,PT15M
8,0.18,126,19.5,0.5,278,397,545,598,0.2,59.8,1006.6,5.2,48,2019-05-04T16:00:00+02:00,PT15M
8,0.18,122,49.6,0.6,326,0,326,315,0.9,60.8,1006.8,5.2,50,2019-05-04T16:15:00+02:00,PT15M
8,0.18,118,54.4,0.8,281,0,281,271,0.9,61.7,1007.1,5.5,52,2019-05-04T16:30:00+02:00,PT15M
8,0.18,114,66.4,0.8,196,0,196,189,0.9,62.5,1007.3,5.9,54,2019-05-04T16:45:00+02:00,PT15M
7,0.18,110,75.6,1,134,0,134,129,0.9,63.4,1007.6,6.2,56,2019-05-04T17:00:00+02:00,PT15M
8,0.18,107,63.8,1.1,183,0,183,177,0.1,63.9,1007.8,6.3,58,2019-05-04T17:15:00+02:00,PT15M
8,0.18,104,34.9,1.2,277,60,306,301,0.1,63.9,1008,6.3,60,2019-05-04T17:30:00+02:00,PT15M
8,0.18,100,26.6,1.4,233,183,317,318,0.1,63.9,1008.2,6.3,63,2019-05-04T17:45:00+02:00,PT15M
8,0.18,97,27.7,1.5,218,154,283,280,0.1,64,1008.4,6.3,65,2019-05-04T18:00:00+02:00,PT15M
8,0.18,94,31.4,1.6,208,87,242,235,0.7,64.3,1008.5,6.2,67,2019-05-04T18:15:00+02:00,PT15M
8,0.18,91,42.9,1.6,178,0,178,172,0.7,65,1008.7,6,69,2019-05-04T18:30:00+02:00,PT15M
8,0.18,88,54.5,1.6,123,0,123,119,0.7,65.6,1008.8,5.8,72,2019-05-04T18:45:00+02:00,PT15M
8,0.18,85,52.3,1.6,110,0,110,106,0.7,66.3,1009,5.6,74,2019-05-04T19:00:00+02:00,PT15M
7,0.18,82,44.7,1.5,105,0,105,102,0.2,67.1,1009.2,5.5,76,2019-05-04T19:15:00+02:00,PT15M
7,0.18,79,39.4,1.4,92,0,92,89,0.2,68,1009.4,5.7,78,2019-05-04T19:30:00+02:00,PT15M
7,0.18,76,33.6,1.3,76,0,76,73,0.2,68.9,1009.7,5.9,81,2019-05-04T19:45:00+02:00,PT15M
6,0.18,74,22.7,1.2,57,41,62,54,0.2,69.8,1009.9,6.1,83,2019-05-04T20:00:00+02:00,PT15M
6,0.18,71,10.5,1.2,34,115,45,30,0,71.6,1010.1,6.2,85,2019-05-04T20:15:00+02:00,PT15M
6,0.18,68,6.7,1.4,19,46,23,17,0,74.1,1010.3,6.2,87,2019-05-04T20:30:00+02:00,PT15M
5,0.18,65,1.2,1.5,5,6,5,5,0,76.8,1010.5,6.2,89,2019-05-04T20:45:00+02:00,PT15M
5,0.18,62,0,1.7,0,0,0,0,0,79.5,1010.7,6.2,91,2019-05-04T21:00:00+02:00,PT15M
5,0.18,59,0,1.8,0,0,0,0,0,81.5,1010.9,6.1,93,2019-05-04T21:15:00+02:00,PT15M
4,0.18,56,0,1.7,0,0,0,0,0,82.6,1011.1,6,95,2019-05-04T21:30:00+02:00,PT15M
4,0.18,53,0,1.7,0,0,0,0,0,83.8,1011.4,5.8,97,2019-05-04T21:45:00+02:00,PT15M
4,0.18,49,0,1.6,0,0,0,0,0,85,1011.6,5.6,99,2019-05-04T22:00:00+02:00,PT15M
4,0.18,46,0,1.5,0,0,0,0,0,86.2,1011.8,5.5,100,2019-05-04T22:15:00+02:00,PT15M
3,0.18,43,0,1.4,0,0,0,0,0,87.6,1012,5.4,102,2019-05-04T22:30:00+02:00,PT15M
3,0.18,39,0,1.3,0,0,0,0,0,89,1012.1,5.3,103,2019-05-04T22:45:00+02:00,PT15M
3,0.18,36,0,1.2,0,0,0,0,0,90.4,1012.2,5.3,105,2019-05-04T23:00:00+02:00,PT15M
2,0.18,33,0,1,0,0,0,0,0,91,1012.4,5.2,106,2019-05-04T23:15:00+02:00,PT15M
2,0.18,29,0,0.9,0,0,0,0,0,90.9,1012.6,5.3,107,2019-05-04T23:30:00+02:00,PT15M
2,0.18,25,0,0.8,0,0,0,0,0,90.7,1012.8,5.4,108,2019-05-04T23:45:00+02:00,PT15M
2,0.18,22,0,0.7,0,0,0,0,0,90.5,1013,5.5,109,2019-05-05T00:00:00+02:00,PT15M
2,0.18,18,0,0.5,0,0,0,0,0,90.1,1013.1,5.6,110,2019-05-05T00:15:00+02:00,PT15M
2,0.18,14,0,0.2,0,0,0,0,0,89.5,1013.1,5.6,111,2019-05-05T00:30:00+02:00,PT15M
2,0.18,10,0,-0,0,0,0,0,0,88.8,1013.1,5.7,111,2019-05-05T00:45:00+02:00,PT15M
2,0.18,6,0,-0.3,0,0,0,0,0,88.1,1013.2,5.8,111,2019-05-05T01:00:00+02:00,PT15M
1,0.18,3,0,-0.5,0,0,0,0,0,87.5,1013.3,5.9,112,2019-05-05T01:15:00+02:00,PT15M
1,0.18,-1,0,-0.7,0,0,0,0,0,86.8,1013.4,5.9,112,2019-05-05T01:30:00+02:00,PT15M
1,0.18,-5,0,-0.9,0,0,0,0,0,86.2,1013.6,6,111,2019-05-05T01:45:00+02:00,PT15M
1,0.18,-9,0,-1.1,0,0,0,0,0,85.6,1013.7,6.1,111,2019-05-05T02:00:00+02:00,PT15M
1,0.18,-13,0,-1.3,0,0,0,0,0,85.1,1013.8,6.1,111,2019-05-05T02:15:00+02:00,PT15M
1,0.18,-17,0,-1.5,0,0,0,0,0,84.8,1013.8,6.1,110,2019-05-05T02:30:00+02:00,PT15M
1,0.18,-21,0,-1.6,0,0,0,0,0,84.4,1013.8,6,109,2019-05-05T02:45:00+02:00,PT15M
1,0.18,-24,0,-1.8,0,0,0,0,0,84.1,1013.9,6,109,2019-05-05T03:00:00+02:00,PT15M
1,0.18,-28,0,-2,0,0,0,0,0,83.8,1013.9,5.9,108,2019-05-05T03:15:00+02:00,PT15M
0,0.18,-31,0,-2.1,0,0,0,0,0,83.5,1014,5.9,106,2019-05-05T03:30:00+02:00,PT15M
0,0.18,-35,0,-2.2,0,0,0,0,0,83.2,1014.1,5.9,105,2019-05-05T03:45:00+02:00,PT15M
0,0.18,-38,0,-2.2,0,0,0,0,0,82.8,1014.2,5.9,104,2019-05-05T04:00:00+02:00,PT15M
0,0.18,-42,0,-2.3,0,0,0,0,0,83.1,1014.3,5.8,102,2019-05-05T04:15:00+02:00,PT15M
0,0.18,-45,0,-2.4,0,0,0,0,0,83.8,1014.5,5.7,101,2019-05-05T04:30:00+02:00,PT15M
-0,0.18,-48,0,-2.5,0,0,0,0,0,84.6,1014.6,5.6,99,2019-05-05T04:45:00+02:00,PT15M
-0,0.18,-52,0,-2.6,0,0,0,0,0,85.3,1014.7,5.4,97,2019-05-05T05:00:00+02:00,PT15M
-1,0.18,-55,0,-2.6,0,0,0,0,0,85.8,1014.8,5.3,96,2019-05-05T05:15:00+02:00,PT15M
-1,0.18,-58,0,-2.6,0,0,0,0,0,85.9,1014.9,5.1,94,2019-05-05T05:30:00+02:00,PT15M
-1,0.18,-61,0,-2.6,0,0,0,0,0,86.1,1015,5,92,2019-05-05T05:45:00+02:00,PT15M
-1,0.18,-64,0,-2.6,2,4,3,2,0,86.3,1015.1,4.8,90,2019-05-05T06:00:00+02:00,PT15M
-1,0.18,-67,2.7,-2.5,15,53,19,13,0,86,1015.2,4.7,88,2019-05-05T06:15:00+02:00,PT15M
-0,0.18,-70,12.7,-2.3,32,82,39,29,0,85.4,1015.3,4.6,86,2019-05-05T06:30:00+02:00,PT15M
0,0.18,-73,27,-2.2,54,10,55,52,0,84.8,1015.4,4.5,83,2019-05-05T06:45:00+02:00,PT15M
0,0.18,-75,18.7,-2,67,145,90,68,0,84.2,1015.5,4.5,81,2019-05-05T07:00:00+02:00,PT15M
1,0.18,-78,8.5,-1.7,67,349,134,93,0,83.3,1015.6,4.3,79,2019-05-05T07:15:00+02:00,PT15M
1,0.18,-81,2.6,-1.4,63,512,181,134,0,82,1015.8,4,77,2019-05-05T07:30:00+02:00,PT15M
2,0.18,-84,0,-1,61,613,226,183,0,80.7,1015.9,3.7,74,2019-05-05T07:45:00+02:00,PT15M
3,0.18,-87,0,-0.7,66,658,267,235,0,79.5,1016.1,3.4,72,2019-05-05T08:00:00+02:00,PT15M
3,0.18,-90,0,-0.4,69,697,309,288,0,78.1,1016.3,3.2,70,2019-05-05T08:15:00+02:00,PT15M
4,0.18,-93,0,-0,72,731,350,342,0,76.5,1016.4,3.1,68,2019-05-05T08:30:00+02:00,PT15M
4,0.18,-96,0,0.3,75,759,391,396,0,75,1016.5,3,65,2019-05-05T08:45:00+02:00,PT15M
5,0.18,-99,0,0.6,78,782,432,451,0,73.5,1016.6,2.9,63,2019-05-05T09:00:00+02:00,PT15M
5,0.18,-102,0,0.7,81,802,471,504,0.2,71.5,1016.7,2.9,61,2019-05-05T09:15:00+02:00,PT15M
6,0.18,-106,0,0.7,83,821,510,557,0.2,69,1016.7,2.9,59,2019-05-05T09:30:00+02:00,PT15M
6,0.18,-109,0,0.7,85,837,548,608,0.2,66.7,1016.8,3,56,2019-05-05T09:45:00+02:00,PT15M
7,0.18,-113,0,0.7,87,851,584,658,0.2,64.4,1016.8,3.1,54,2019-05-05T10:00:00+02:00,PT15M
7,0.18,-116,0,0.5,89,864,618,705,0,61.5,1016.8,3.1,52,2019-05-05T10:15:00+02:00,PT15M
8,0.18,-120,0,-0,91,875,650,750,0,57.9,1016.8,3,50,2019-05-05T10:30:00+02:00,PT15M
8,0.18,-124,8.8,-0.5,185,657,620,707,0,54.5,1016.9,3,48,2019-05-05T10:45:00+02:00,PT15M
8,0.18,-128,18.9,-1,288,416,574,636,0,51.3,1016.9,2.9,47,2019-05-05T11:00:00+02:00,PT15M
9,0.18,-133,18.4,-1.4,287,439,598,666,0,49.2,1016.9,3,45,2019-05-05T11:15:00+02:00,PT15M
9,0.18,-138,39.8,-1.6,440,21,455,445,0,48.1,1017,3.1,43,2019-05-05T11:30:00+02:00,PT15M
9,0.18,-142,37.8,-1.7,443,55,483,481,0,47,1017,3.2,42,2019-05-05T11:45:00+02:00,PT15M
9,0.18,-148,41.2,-1.9,430,49,467,464,0,46,1017.1,3.3,40,2019-05-05T12:00:00+02:00,PT15M
9,0.18,-153,47.1,-2,401,35,429,424,0.1,45.2,1017.1,3.4,39,2019-05-05T12:15:00+02:00,PT15M
10,0.18,-158,18.4,-2,328,436,670,759,0.1,44.8,1017.1,3.5,38,2019-05-05T12:30:00+02:00,PT15M
10,0.18,-164,19.2,-1.9,338,420,671,758,0.1,44.3,1017.1,3.6,38,2019-05-05T12:45:00+02:00,PT15M
10,0.18,-170,29.2,-1.9,424,211,592,631,0.1,43.9,1017.1,3.7,37,2019-05-05T13:00:00+02:00,PT15M
10,0.18,-176,42.9,-1.8,473,7,479,465,0.1,43.8,1017.1,3.8,37,2019-05-05T13:15:00+02:00,PT15M
10,0.18,178,49.3,-1.7,426,0,426,411,0.1,44.2,1017.1,3.8,37,2019-05-05T13:30:00+02:00,PT15M
10,0.18,172,43.2,-1.5,452,28,475,467,0.1,44.5,1017.1,3.9,37,2019-05-05T13:45:00+02:00,PT15M
10,0.18,166,33.9,-1.4,451,123,548,565,0.1,44.9,1017.1,4,37,2019-05-05T14:00:00+02:00,PT15M
10,0.18,160,42.5,-1.1,457,19,472,461,0.1,45.7,1017.1,4.1,38,2019-05-05T14:15:00+02:00,PT15M
10,0.18,155,34.2,-0.7,446,110,532,545,0.1,47,1017.1,4.3,39,2019-05-05T14:30:00+02:00,PT15M
10,0.18,149,43.2,-0.3,446,5,450,436,0.1,48.4,1017.2,4.4,40,2019-05-05T14:45:00+02:00,PT15M
10,0.18,144,53.5,0.1,360,0,360,348,0.1,49.9,1017.2,4.6,41,2019-05-05T15:00:00+02:00,PT15M
10,0.18,139,63.6,0.5,274,0,274,265,0.1,51.1,1017.2,4.7,43,2019-05-05T15:15:00+02:00,PT15M
10,0.18,134,73.5,0.8,194,0,194,187,0.1,52,1017.2,4.9,44,2019-05-05T15:30:00+02:00,PT15M
10,0.18,130,71.4,1.2,201,0,201,194,0.1,53,1017.2,5,46,2019-05-05T15:45:00+02:00,PT15M
11,0.18,125,41.3,1.5,392,7,397,385,0.1,54,1017.2,5.2,48,2019-05-05T16:00:00+02:00,PT15M
11,0.18,121,34.5,1.8,373,78,423,423,0.1,54.9,1017.2,5.3,50,2019-05-05T16:15:00+02:00,PT15M
11,0.18,117,36.1,2,358,55,392,389,0.1,55.7,1017.2,5.5,52,2019-05-05T16:30:00+02:00,PT15M
11,0.18,114,51.3,2.2,283,0,283,273,0.1,56.5,1017.1,5.6,54,2019-05-05T16:45:00+02:00,PT15M
11,0.18,110,57.7,2.4,230,0,230,222,0.1,57.3,1017.1,5.7,56,2019-05-05T17:00:00+02:00,PT15M
11,0.18,107,42,2.4,294,0,294,284,0.1,57.5,1017.1,5.8,58,2019-05-05T17:15:00+02:00,PT15M
10,0.18,103,34.9,2.3,285,41,305,298,0.1,57,1017,6,60,2019-05-05T17:30:00+02:00,PT15M
10,0.18,100,26.2,2.1,240,168,318,318,0.1,56.6,1017,6.1,62,2019-05-05T17:45:00+02:00,PT15M
10,0.18,97,24.3,2,215,189,296,294,0.1,56.2,1016.9,6.3,65,2019-05-05T18:00:00+02:00,PT15M
10,0.18,94,26.2,1.6,203,142,259,252,0.1,55.2,1016.9,6.4,67,2019-05-05T18:15:00+02:00,PT15M
10,0.18,91,22.9,1.2,175,181,239,229,0.1,53.7,1017,6.5,69,2019-05-05T18:30:00+02:00,PT15M
10,0.18,88,16.9,0.7,141,262,224,208,0.1,52.3,1017,6.5,71,2019-05-05T18:45:00+02:00,PT15M
10,0.18,85,15.8,0.2,122,256,194,173,0.1,50.8,1017.1,6.6,74,2019-05-05T19:00:00+02:00,PT15M
10,0.18,82,20.5,-0.2,115,152,152,134,0,50.2,1017.1,6.6,76,2019-05-05T19:15:00+02:00,PT15M
10,0.18,79,12.6,-0.3,85,240,133,104,0,50.5,1017.1,6.4,78,2019-05-05T19:30:00+02:00,PT15M
9,0.18,76,2,-0.4,55,358,114,67,0,50.7,1017.2,6.2,80,2019-05-05T19:45:00+02:00,PT15M
9,0.18,73,0,-0.5,41,321,83,36,0,50.9,1017.2,6,83,2019-05-05T20:00:00+02:00,PT15M
9,0.18,70,0,-0.6,31,230,53,25,0,51.6,1017.2,5.9,85,2019-05-05T20:15:00+02:00,PT15M
8,0.18,68,0,-0.7,19,90,27,17,0,52.7,1017.3,5.8,87,2019-05-05T20:30:00+02:00,PT15M
8,0.18,65,0,-0.7,6,11,7,6,0,53.9,1017.4,5.7,89,2019-05-05T20:45:00+02:00,PT15M
8,0.18,62,0,-0.8,0,0,0,0,0,55.1,1017.5,5.6,91,2019-05-05T21:00:00+02:00,PT15M
7,0.18,59,0,-0.8,0,0,0,0,0,56.4,1017.6,5.6,93,2019-05-05T21:15:00+02:00,PT15M
7,0.18,56,0,-0.7,0,0,0,0,0,57.9,1017.7,5.6,95,2019-05-05T21:30:00+02:00,PT15M
7,0.18,52,0,-0.7,0,0,0,0,0,59.4,1017.9,5.6,97,2019-05-05T21:45:00+02:00,PT15M
6,0.18,49,0,-0.6,0,0,0,0,0,61,1018,5.7,98,2019-05-05T22:00:00+02:00,PT15M
6,0.18,46,0,-0.6,0,0,0,0,0,62.7,1018.1,5.7,100,2019-05-05T22:15:00+02:00,PT15M
6,0.18,43,0,-0.5,0,0,0,0,0,64.6,1018.1,5.6,102,2019-05-05T22:30:00+02:00,PT15M
5,0.18,39,0,-0.4,0,0,0,0,0,66.5,1018.2,5.6,103,2019-05-05T22:45:00+02:00,PT15M
5,0.18,36,0,-0.3,0,0,0,0,0,68.5,1018.2,5.6,105,2019-05-05T23:00:00+02:00,PT15M
5,0.18,32,0,-0.3,0,0,0,0,0,70.1,1018.2,5.6,106,2019-05-05T23:15:00+02:00,PT15M
5,0.18,29,0,-0.3,0,0,0,0,0,71.2,1018.3,5.5,107,2019-05-05T23:30:00+02:00,PT15M
4,0.18,25,0,-0.3,0,0,0,0,0,72.3,1018.3,5.5,108,2019-05-05T23:45:00+02:00,PT15M
4,0.18,22,0,-0.3,0,0,0,0,0,73.5,1018.4,5.4,109,2019-05-06T00:00:00+02:00,PT15M
4,0.18,18,0,-0.3,0,0,0,0,0,74.7,1018.4,5.4,110,2019-05-06T00:15:00+02:00,PT15M
4,0.18,14,0,-0.2,0,0,0,0,0,75.9,1018.3,5.3,110,2019-05-06T00:30:00+02:00,PT15M
4,0.18,10,0,-0.1,0,0,0,0,0,77.1,1018.3,5.3,111,2019-05-06T00:45:00+02:00,PT15M
3,0.18,6,0,-0,0,0,0,0,0,78.3,1018.2,5.3,111,2019-05-06T01:00:00+02:00,PT15M
3,0.18,3,0,0,0,0,0,0,0,79.5,1018.2,5.3,111,2019-05-06T01:15:00+02:00,PT15M
3,0.18,-1,0,0.1,0,0,0,0,0,80.7,1018.2,5.4,111,2019-05-06T01:30:00+02:00,PT15M
3,0.18,-5,0,0.2,0,0,0,0,0,81.8,1018.1,5.5,111,2019-05-06T01:45:00+02:00,PT15M
3,0.18,-9,13.3,0.3,0,0,0,0,0,83,1018.1,5.6,111,2019-05-06T02:00:00+02:00,PT15M
3,0.18,-13,36.8,0.3,0,0,0,0,0,84,1018.1,5.7,110,2019-05-06T02:15:00+02:00,PT15M
3,0.18,-17,37.1,0.3,0,0,0,0,0,84.7,1018.1,5.8,110,2019-05-06T02:30:00+02:00,PT15M
3,0.18,-20,37.1,0.3,0,0,0,0,0,85.5,1018.1,5.9,109,2019-05-06T02:45:00+02:00,PT15M
2,0.18,-24,37.1,0.3,0,0,0,0,0,86.2,1018.1,6,108,2019-05-06T03:00:00+02:00,PT15M
2,0.18,-28,37.1,0.3,0,0,0,0,0,86.9,1018.1,6.2,107,2019-05-06T03:15:00+02:00,PT15M
2,0.18,-31,37.1,0.4,0,0,0,0,0,87.3,1018,6.3,106,2019-05-06T03:30:00+02:00,PT15M
2,0.18,-35,37.1,0.4,0,0,0,0,0,87.8,1018,6.4,105,2019-05-06T03:45:00+02:00,PT15M
2,0.18,-38,37.1,0.5,0,0,0,0,0,88.3,1017.9,6.5,104,2019-05-06T04:00:00+02:00,PT15M
2,0.18,-42,37.1,0.5,0,0,0,0,0,88.5,1017.9,6.6,102,2019-05-06T04:15:00+02:00,PT15M
2,0.18,-45,37.1,0.6,0,0,0,0,0,88.5,1017.9,6.6,101,2019-05-06T04:30:00+02:00,PT15M
2,0.18,-48,37.1,0.7,0,0,0,0,0,88.5,1017.8,6.7,99,2019-05-06T04:45:00+02:00,PT15M
3,0.18,-51,44.5,0.8,0,0,0,0,0,88.5,1017.8,6.8,97,2019-05-06T05:00:00+02:00,PT15M
3,0.18,-55,58.4,0.8,0,0,0,0,0,88.6,1017.8,6.8,95,2019-05-06T05:15:00+02:00,PT15M
3,0.18,-58,56,0.8,0,0,0,0,0,88.8,1017.8,6.8,93,2019-05-06T05:30:00+02:00,PT15M
3,0.18,-61,55.3,0.9,0,0,0,0,0,88.9,1017.7,6.9,91,2019-05-06T05:45:00+02:00,PT15M
3,0.18,-64,55.2,0.9,2,0,2,2,0,89.1,1017.7,6.9,89,2019-05-06T06:00:00+02:00,PT15M
3,0.18,-67,56.9,1,9,0,9,9,0,88.8,1017.7,6.9,87,2019-05-06T06:15:00+02:00,PT15M
3,0.18,-70,65.5,1,16,0,16,15,0,88,1017.7,6.9,85,2019-05-06T06:30:00+02:00,PT15M
3,0.18,-72,75.6,1.2,19,0,19,18,0,87.3,1017.6,6.8,83,2019-05-06T06:45:00+02:00,PT15M
3,0.18,-75,73.1,1.2,30,0,30,29,0,86.5,1017.6,6.8,81,2019-05-06T07:00:00+02:00,PT15M
4,0.18,-78,64.7,1.4,53,0,53,51,0,85.3,1017.6,6.8,79,2019-05-06T07:15:00+02:00,PT15M
4,0.18,-81,56.4,1.5,82,0,82,79,0,83.7,1017.7,6.7,76,2019-05-06T07:30:00+02:00,PT15M
5,0.18,-84,51.9,1.7,110,0,110,106,0,82.1,1017.8,6.6,74,2019-05-06T07:45:00+02:00,PT15M
5,0.18,-87,41.6,1.8,157,1,157,151,0,80.6,1017.9,6.4,72,2019-05-06T08:00:00+02:00,PT15M
5,0.18,-90,32.3,2,186,66,209,200,0,79.1,1017.9,6.5,70,2019-05-06T08:15:00+02:00,PT15M
6,0.18,-93,34.4,2.1,211,47,229,222,0,77.6,1017.9,6.7,67,2019-05-06T08:30:00+02:00,PT15M
6,0.18,-96,26.6,2.3,209,182,286,282,0,76.2,1017.8,7,65,2019-05-06T08:45:00+02:00,PT15M
7,0.18,-99,20.8,2.4,203,300,340,344,0,74.8,1017.8,7.3,63,2019-05-06T09:00:00+02:00,PT15M
7,0.18,-102,11,2.4,161,521,417,438,0.1,72.8,1017.8,7.5,61,2019-05-06T09:15:00+02:00,PT15M
7,0.18,-106,2.9,2.3,111,727,491,532,0.1,70.3,1017.8,7.8,58,2019-05-06T09:30:00+02:00,PT15M
8,0.18,-109,5.9,2.1,141,666,511,560,0.1,67.9,1017.7,8,56,2019-05-06T09:45:00+02:00,PT15M
8,0.18,-113,9.5,2,177,590,522,575,0.1,65.6,1017.7,8.2,54,2019-05-06T10:00:00+02:00,PT15M
8,0.18,-116,26.7,1.9,308,228,448,467,0.1,64,1017.7,8.2,52,2019-05-06T10:15:00+02:00,PT15M
8,0.18,-120,30.5,1.8,341,164,447,461,0.1,63,1017.7,8.1,50,2019-05-06T10:30:00+02:00,PT15M
9,0.18,-124,21.3,1.7,299,344,529,574,0.1,62,1017.6,8,48,2019-05-06T10:45:00+02:00,PT15M
9,0.18,-128,33.5,1.6,387,113,465,474,0.1,61.1,1017.6,7.9,46,2019-05-06T11:00:00+02:00,PT15M
9,0.18,-133,40.9,1.5,411,24,428,419,0.1,59.8,1017.6,7.8,45,2019-05-06T11:15:00+02:00,PT15M
9,0.18,-137,52.8,1.2,353,0,353,341,0.1,58.3,1017.5,7.7,43,2019-05-06T11:30:00+02:00,PT15M
9,0.18,-142,53.3,1,359,0,359,347,0.1,56.8,1017.4,7.6,41,2019-05-06T11:45:00+02:00,PT15M
9,0.18,-147,45,0.7,432,0,432,417,0.1,55.3,1017.3,7.5,40,2019-05-06T12:00:00+02:00,PT15M
9,0.18,-153,48.2,0.7,414,0,414,400,0.1,54.4,1017.3,7.5,39,2019-05-06T12:15:00+02:00,PT15M
10,0.18,-158,52.9,0.8,382,0,382,369,0.1,54,1017.3,7.5,38,2019-05-06T12:30:00+02:00,PT15M
10,0.18,-164,46.5,0.9,439,0,439,424,0.1,53.7,1017.2,7.5,37,2019-05-06T12:45:00+02:00,PT15M
10,0.18,-170,48.3,1,428,0,428,413,0.1,53.4,1017.2,7.5,37,2019-05-06T13:00:00+02:00,PT15M
10,0.18,-176,41.7,1.2,484,0,484,467,0,53.5,1017.2,7.6,37,2019-05-06T13:15:00+02:00,PT15M
10,0.18,178,35.5,1.5,459,96,536,545,0,54,1017.1,7.6,37,2019-05-06T13:30:00+02:00,PT15M
11,0.18,172,33.7,1.7,423,156,548,573,0,54.5,1017,7.7,37,2019-05-06T13:45:00+02:00,PT15M
11,0.18,166,55.7,2,364,0,364,351,0,55,1016.9,7.8,37,2019-05-06T14:00:00+02:00,PT15M
11,0.18,160,52.5,2.2,385,0,385,372,0,55.6,1016.9,7.9,38,2019-05-06T14:15:00+02:00,PT15M
11,0.18,154,62,2.4,303,0,303,293,0,56.2,1016.9,8,39,2019-05-06T14:30:00+02:00,PT15M
11,0.18,149,77.1,2.5,179,0,179,173,0,56.8,1016.8,8.1,40,2019-05-06T14:45:00+02:00,PT15M
11,0.18,144,80.5,2.7,149,0,149,144,0,57.4,1016.8,8.2,41,2019-05-06T15:00:00+02:00,PT15M
11,0.18,139,84.7,2.8,113,0,113,109,0.3,58,1016.8,8.1,42,2019-05-06T15:15:00+02:00,PT15M
11,0.18,134,84.8,2.7,109,0,109,106,0.3,58.6,1016.9,8,44,2019-05-06T15:30:00+02:00,PT15M
10,0.18,130,84.6,2.7,107,0,107,103,0.3,59.2,1016.9,7.9,46,2019-05-06T15:45:00+02:00,PT15M
10,0.18,125,84.8,2.6,101,0,101,98,0.3,59.8,1017,7.9,48,2019-05-06T16:00:00+02:00,PT15M
10,0.18,121,84.4,2.6,99,0,99,96,0.8,61,1017,7.6,49,2019-05-06T16:15:00+02:00,PT15M
9,0.18,117,79.7,2.8,122,0,122,118,0.8,63,1017.1,7.2,51,2019-05-06T16:30:00+02:00,PT15M
9,0.18,114,76.6,2.8,133,0,133,128,0.8,65.1,1017.1,6.8,53,2019-05-06T16:45:00+02:00,PT15M
9,0.18,110,72.8,3,144,0,144,139,0.8,67.2,1017.2,6.3,56,2019-05-06T17:00:00+02:00,PT15M
8,0.18,106,66,3.1,167,0,167,161,0.7,69.1,1017.1,6,58,2019-05-06T17:15:00+02:00,PT15M
8,0.18,103,63.7,3.3,164,0,164,158,0.7,70.7,1017,5.8,60,2019-05-06T17:30:00+02:00,PT15M
8,0.18,100,60.2,3.6,164,0,164,158,0.7,72.3,1016.9,5.6,62,2019-05-06T17:45:00+02:00,PT15M
8,0.18,97,60.6,3.8,147,0,147,141,0.7,74,1016.8,5.5,64,2019-05-06T18:00:00+02:00,PT15M
8,0.18,94,61.1,4,129,0,129,125,0.5,75.3,1016.7,5.5,67,2019-05-06T18:15:00+02:00,PT15M
8,0.18,91,60.4,4.1,115,0,115,111,0.5,76.2,1016.8,5.7,69,2019-05-06T18:30:00+02:00,PT15M
8,0.18,88,58.5,4.2,104,0,104,100,0.5,77.1,1016.8,5.9,71,2019-05-06T18:45:00+02:00,PT15M
8,0.18,85,54.8,4.3,95,0,95,92,0.5,78.1,1016.9,6.2,73,2019-05-06T19:00:00+02:00,PT15M
8,0.18,82,51,4.4,85,0,85,82,1,78.9,1017,6.2,76,2019-05-06T19:15:00+02:00,PT15M
8,0.18,79,51.2,4.3,67,0,67,64,1,79.5,1017.1,5.9,78,2019-05-06T19:30:00+02:00,PT15M
8,0.18,76,54,4.3,47,0,47,45,1,80.2,1017.2,5.6,80,2019-05-06T19:45:00+02:00,PT15M
7,0.18,73,46.5,4.2,38,0,38,36,1,80.9,1017.3,5.3,82,2019-05-06T20:00:00+02:00,PT15M
7,0.18,70,39.3,4.2,28,0,28,27,0.4,82.2,1017.3,5.1,85,2019-05-06T20:15:00+02:00,PT15M
7,0.18,67,59.2,4.3,10,0,10,10,0.4,84.2,1017.3,4.9,87,2019-05-06T20:30:00+02:00,PT15M
6,0.18,64,69.9,4.3,2,0,2,2,0.4,86.3,1017.4,4.7,89,2019-05-06T20:45:00+02:00,PT15M
6,0.18,61,69.2,4.4,0,0,0,0,0.4,88.4,1017.4,4.5,91,2019-05-06T21:00:00+02:00,PT15M
6,0.18,58,68.5,4.4,0,0,0,0,0.2,89.6,1017.5,4.4,93,2019-05-06T21:15:00+02:00,PT15M
6,0.18,55,70.5,4.5,0,0,0,0,0.2,89.7,1017.6,4.4,95,2019-05-06T21:30:00+02:00,PT15M
6,0.18,52,74.6,4.5,0,0,0,0,0.2,89.9,1017.7,4.4,96,2019-05-06T21:45:00+02:00,PT15M
6,0.18,49,74.4,4.6,0,0,0,0,0.2,90,1017.8,4.5,98,2019-05-06T22:00:00+02:00,PT15M
6,0.18,46,73.9,4.6,0,0,0,0,0.1,90.1,1017.9,4.5,100,2019-05-06T22:15:00+02:00,PT15M
6,0.18,43,73.9,4.5,0,0,0,0,0.1,90.1,1017.8,4.6,101,2019-05-06T22:30:00+02:00,PT15M
6,0.18,39,73.9,4.4,0,0,0,0,0.1,90.1,1017.7,4.6,103,2019-05-06T22:45:00+02:00,PT15M
6,0.18,36,63.6,4.3,0,0,0,0,0.1,90.1,1017.6,4.7,104,2019-05-06T23:00:00+02:00,PT15M
6,0.18,32,37.6,4.3,0,0,0,0,0.1,90.4,1017.6,4.7,106,2019-05-06T23:15:00+02:00,PT15M
6,0.18,29,37.1,4.3,0,0,0,0,0.1,91,1017.7,4.6,107,2019-05-06T23:30:00+02:00,PT15M
6,0.18,25,37.1,4.4,0,0,0,0,0.1,91.7,1017.7,4.6,108,2019-05-06T23:45:00+02:00,PT15M
6,0.18,21,37.1,4.4,0,0,0,0,0.1,92.3,1017.8,4.5,109,2019-05-07T00:00:00+02:00,PT15M
5,0.18,18,36.7,4.4,0,0,0,0,0,92.8,1017.7,4.5,109,2019-05-07T00:15:00+02:00,PT15M
5,0.18,14,35.8,4.3,0,0,0,0,0,93.1,1017.6,4.6,110,2019-05-07T00:30:00+02:00,PT15M
5,0.18,10,35.8,4.3,0,0,0,0,0,93.4,1017.5,4.6,111,2019-05-07T00:45:00+02:00,PT15M
5,0.18,6,35.8,4.2,0,0,0,0,0,93.7,1017.4,4.7,111,2019-05-07T01:00:00+02:00,PT15M
5,0.18,2,35.8,4.1,0,0,0,0,0,94,1017.4,4.8,111,2019-05-07T01:15:00+02:00,PT15M
5,0.18,-1,35.8,4,0,0,0,0,0,94.1,1017.5,4.9,111,2019-05-07T01:30:00+02:00,PT15M
5,0.18,-5,35.8,3.9,0,0,0,0,0,94.3,1017.6,5,111,2019-05-07T01:45:00+02:00,PT15M
5,0.18,-9,26.2,3.8,0,0,0,0,0,94.5,1017.7,5.1,111,2019-05-07T02:00:00+02:00,PT15M
4,0.18,-13,1.5,3.6,0,0,0,0,0,94.5,1017.7,5.1,110,2019-05-07T02:15:00+02:00,PT15M
4,0.18,-17,0,3.6,0,0,0,0,0,94.5,1017.7,5.1,110,2019-05-07T02:30:00+02:00,PT15M
4,0.18,-20,0,3.5,0,0,0,0,0,94.5,1017.8,5.1,109,2019-05-07T02:45:00+02:00,PT15M
4,0.18,-24,0,3.4,0,0,0,0,0,94.5,1017.8,5.1,108,2019-05-07T03:00:00+02:00,PT15M
4,0.18,-28,0,3.2,0,0,0,0,0,94.7,1017.8,5.1,107,2019-05-07T03:15:00+02:00,PT15M
4,0.18,-31,0,3.1,0,0,0,0,0,95,1017.8,5.1,106,2019-05-07T03:30:00+02:00,PT15M
4,0.18,-35,0,3,0,0,0,0,0,95.3,1017.8,5.2,105,2019-05-07T03:45:00+02:00,PT15M
4,0.18,-38,0,2.9,0,0,0,0,0,95.7,1017.8,5.2,103,2019-05-07T04:00:00+02:00,PT15M
3,0.18,-42,0,2.8,0,0,0,0,0,95.9,1017.8,5.3,102,2019-05-07T04:15:00+02:00,PT15M
3,0.18,-45,0,2.7,0,0,0,0,0,96.1,1017.8,5.3,100,2019-05-07T04:30:00+02:00,PT15M
3,0.18,-48,0,2.6,0,0,0,0,0,96.3,1017.9,5.4,99,2019-05-07T04:45:00+02:00,PT15M
3,0.18,-51,0,2.5,0,0,0,0,0,96.4,1017.9,5.5,97,2019-05-07T05:00:00+02:00,PT15M
3,0.18,-54,0,2.4,0,0,0,0,0,96.5,1017.9,5.5,95,2019-05-07T05:15:00+02:00,PT15M
3,0.18,-58,0,2.2,0,0,0,0,0,96.5,1017.9,5.5,93,2019-05-07T05:30:00+02:00,PT15M
3,0.18,-61,0,2,0,0,0,0,0,96.5,1018,5.4,91,2019-05-07T05:45:00+02:00,PT15M
2,0.18,-64,0,1.8,5,8,5,4,0,96.5,1018,5.4,89,2019-05-07T06:00:00+02:00,PT15M
2,0.18,-66,9.6,1.7,20,21,22,19,0,96.2,1018,5.3,87,2019-05-07T06:15:00+02:00,PT15M
2,0.18,-69,30.7,1.8,35,0,35,34,0,95.7,1018,5.1,85,2019-05-07T06:30:00+02:00,PT15M
3,0.18,-72,40,1.8,49,0,49,48,0,95.2,1018.1,4.9,83,2019-05-07T06:45:00+02:00,PT15M
3,0.18,-75,35.4,1.9,76,0,76,73,0,94.7,1018.1,4.8,81,2019-05-07T07:00:00+02:00,PT15M
3,0.18,-78,26.4,2,99,73,114,102,0,93.9,1018.2,4.5,78,2019-05-07T07:15:00+02:00,PT15M
3,0.18,-81,18,2.3,104,230,159,133,0,92.7,1018.3,4.1,76,2019-05-07T07:30:00+02:00,PT15M
4,0.18,-84,13.1,2.6,106,353,204,174,0,91.6,1018.4,3.7,74,2019-05-07T07:45:00+02:00,PT15M
4,0.18,-87,6.5,2.9,94,522,259,229,0,90.5,1018.5,3.3,72,2019-05-07T08:00:00+02:00,PT15M
5,0.18,-90,0.4,3,73,694,317,294,0.1,88.7,1018.5,3.1,69,2019-05-07T08:15:00+02:00,PT15M
5,0.18,-93,0,3.1,74,736,360,349,0.1,86.3,1018.5,3.1,67,2019-05-07T08:30:00+02:00,PT15M
6,0.18,-96,0,3.2,77,764,401,404,0.1,84,1018.4,3.1,65,2019-05-07T08:45:00+02:00,PT15M
6,0.18,-99,0,3.3,80,788,442,458,0.1,81.7,1018.4,3.1,63,2019-05-07T09:00:00+02:00,PT15M
7,0.18,-102,0,3.1,82,808,481,512,0,78.8,1018.4,3.1,60,2019-05-07T09:15:00+02:00,PT15M
7,0.18,-105,0,2.8,84,826,520,564,0,75.5,1018.4,3,58,2019-05-07T09:30:00+02:00,PT15M
7,0.18,-109,2.2,2.5,106,784,545,599,0,72.2,1018.5,3,56,2019-05-07T09:45:00+02:00,PT15M
7,0.18,-112,6.3,2.2,146,694,556,617,0,69.2,1018.5,2.9,54,2019-05-07T10:00:00+02:00,PT15M
8,0.18,-116,6.8,1.9,156,694,584,654,0,66.6,1018.4,2.9,52,2019-05-07T10:15:00+02:00,PT15M
8,0.18,-120,15.7,1.7,242,485,556,614,0,64.6,1018.3,2.9,50,2019-05-07T10:30:00+02:00,PT15M
8,0.18,-124,14.5,1.4,240,521,589,659,0,62.6,1018.2,3,48,2019-05-07T10:45:00+02:00,PT15M
8,0.18,-128,17.3,1.2,275,457,592,659,0,60.6,1018.1,3,46,2019-05-07T11:00:00+02:00,PT15M
9,0.18,-133,15.3,0.9,264,507,628,708,0,58.4,1018,3.1,44,2019-05-07T11:15:00+02:00,PT15M
9,0.18,-137,15.8,0.5,276,499,643,728,0,55.9,1017.9,3.1,43,2019-05-07T11:30:00+02:00,PT15M
9,0.18,-142,17.7,0.1,302,456,645,726,0,53.5,1017.9,3.2,41,2019-05-07T11:45:00+02:00,PT15M
9,0.18,-147,16.1,-0.3,289,499,673,765,0,51.1,1017.8,3.2,40,2019-05-07T12:00:00+02:00,PT15M
10,0.18,-153,14,-0.5,271,553,701,806,0.1,49.6,1017.8,3.2,39,2019-05-07T12:15:00+02:00,PT15M
10,0.18,-158,25,-0.6,383,302,621,679,0.1,48.8,1017.7,3.3,38,2019-05-07T12:30:00+02:00,PT15M
10,0.18,-164,23.1,-0.6,371,342,643,712,0.1,47.9,1017.6,3.3,37,2019-05-07T12:45:00+02:00,PT15M
10,0.18,-170,25.6,-0.7,395,288,627,684,0.1,47.1,1017.5,3.3,37,2019-05-07T13:00:00+02:00,PT15M
10,0.18,-176,25.9,-0.7,398,283,626,683,0,46.5,1017.4,3.3,36,2019-05-07T13:15:00+02:00,PT15M
10,0.18,178,33.2,-0.7,452,138,564,585,0,46,1017.3,3.4,36,2019-05-07T13:30:00+02:00,PT15M
11,0.18,172,35.1,-0.8,463,103,546,557,0,45.6,1017.1,3.5,36,2019-05-07T13:45:00+02:00,PT15M
11,0.18,166,43,-0.8,449,34,476,469,0,45.1,1017,3.5,37,2019-05-07T14:00:00+02:00,PT15M
11,0.18,160,53.7,-0.8,382,0,382,369,0.1,44.7,1016.8,3.6,38,2019-05-07T14:15:00+02:00,PT15M
11,0.18,154,38.6,-0.8,463,47,500,496,0.1,44.4,1016.7,3.6,38,2019-05-07T14:30:00+02:00,PT15M
11,0.18,149,33.2,-0.7,433,129,533,549,0.1,44.1,1016.6,3.6,40,2019-05-07T14:45:00+02:00,PT15M
11,0.18,144,36.3,-0.7,442,73,497,499,0.1,43.9,1016.5,3.6,41,2019-05-07T15:00:00+02:00,PT15M
11,0.18,139,27.7,-0.7,380,229,549,583,0,43.8,1016.4,3.6,42,2019-05-07T15:15:00+02:00,PT15M
11,0.18,134,14,-0.6,263,514,634,716,0,43.9,1016.3,3.5,44,2019-05-07T15:30:00+02:00,PT15M
11,0.18,129,14.7,-0.5,263,491,607,680,0,44,1016.1,3.5,45,2019-05-07T15:45:00+02:00,PT15M
11,0.18,125,14.6,-0.4,254,488,584,651,0,44.1,1016,3.5,47,2019-05-07T16:00:00+02:00,PT15M
11,0.18,121,14.9,-0.4,245,478,558,616,0,44.1,1015.9,3.5,49,2019-05-07T16:15:00+02:00,PT15M
12,0.18,117,17.7,-0.3,256,411,513,555,0,44.1,1015.8,3.6,51,2019-05-07T16:30:00+02:00,PT15M
12,0.18,113,8.1,-0.2,169,624,543,600,0,44.2,1015.7,3.7,53,2019-05-07T16:45:00+02:00,PT15M
12,0.18,110,23.3,-0.1,270,274,426,443,0,44.2,1015.6,3.8,55,2019-05-07T17:00:00+02:00,PT15M
12,0.18,106,19,-0.1,232,350,420,439,0,44.3,1015.6,3.8,58,2019-05-07T17:15:00+02:00,PT15M
12,0.18,103,18.5,0,215,350,391,403,0,44.7,1015.5,3.8,60,2019-05-07T17:30:00+02:00,PT15M
12,0.18,100,6.7,0.2,134,590,412,426,0,45,1015.4,3.8,62,2019-05-07T17:45:00+02:00,PT15M
12,0.18,97,6.8,0.2,128,565,374,377,0,45.3,1015.3,3.8,64,2019-05-07T18:00:00+02:00,PT15M
12,0.18,93,5.3,0.3,112,573,341,334,0,45.5,1015.2,3.7,66,2019-05-07T18:15:00+02:00,PT15M
12,0.18,90,3.4,0.2,96,586,309,290,0,45.5,1015.1,3.5,69,2019-05-07T18:30:00+02:00,PT15M
12,0.18,87,0.4,0.2,77,613,277,247,0,45.4,1015,3.4,71,2019-05-07T18:45:00+02:00,PT15M
12,0.18,85,0,0.1,71,576,237,197,0,45.4,1014.9,3.2,73,2019-05-07T19:00:00+02:00,PT15M
11,0.18,82,0,0.1,66,524,197,150,0,45.7,1014.9,3,76,2019-05-07T19:15:00+02:00,PT15M
11,0.18,79,6,0.1,72,360,149,107,0,46.1,1014.8,2.7,78,2019-05-07T19:30:00+02:00,PT15M
11,0.18,76,8.5,0.2,66,260,111,74,0,46.6,1014.7,2.3,80,2019-05-07T19:45:00+02:00,PT15M
11,0.18,73,4.3,0.2,48,257,83,43,0,47.1,1014.6,2.1,82,2019-05-07T20:00:00+02:00,PT15M
11,0.18,70,19.8,0.4,38,70,46,35,0,48.9,1014.5,1.9,84,2019-05-07T20:15:00+02:00,PT15M
10,0.18,67,58.8,0.9,13,0,13,13,0,52.3,1014.5,2,86,2019-05-07T20:30:00+02:00,PT15M
10,0.18,64,75.9,1.3,2,0,2,2,0,56,1014.4,2.2,89,2019-05-07T20:45:00+02:00,PT15M
9,0.18,61,72.2,1.8,0,0,0,0,0,59.9,1014.3,2.5,91,2019-05-07T21:00:00+02:00,PT15M
9,0.18,58,75.7,2,0,0,0,0,0,62.7,1014.3,2.8,92,2019-05-07T21:15:00+02:00,PT15M
8,0.18,55,78.2,2,0,0,0,0,0,64.2,1014.4,3.2,94,2019-05-07T21:30:00+02:00,PT15M
8,0.18,52,70,1.9,0,0,0,0,0,65.7,1014.4,3.5,96,2019-05-07T21:45:00+02:00,PT15M
8,0.18,49,76.5,1.9,0,0,0,0,0,67.3,1014.5,3.9,98,2019-05-07T22:00:00+02:00,PT15M
7,0.18,46,75.9,1.9,0,0,0,0,0,68.3,1014.4,4.2,100,2019-05-07T22:15:00+02:00,PT15M
7,0.18,42,70.5,1.8,0,0,0,0,0,68.8,1014.4,4.5,101,2019-05-07T22:30:00+02:00,PT15M
7,0.18,39,61.9,1.8,0,0,0,0,0,69.3,1014.3,4.8,103,2019-05-07T22:45:00+02:00,PT15M
7,0.18,36,59.7,1.7,0,0,0,0,0,69.7,1014.2,5,104,2019-05-07T23:00:00+02:00,PT15M
7,0.18,32,68.4,1.7,0,0,0,0,0,70.3,1014.1,5.2,105,2019-05-07T23:15:00+02:00,PT15M
7,0.18,29,59.9,1.6,0,0,0,0,0,71,1014,5.4,106,2019-05-07T23:30:00+02:00,PT15M
6,0.18,25,42,1.6,0,0,0,0,0,71.8,1013.8,5.6,108,2019-05-07T23:45:00+02:00,PT15M
6,0.18,21,51.1,1.5,0,0,0,0,0,72.5,1013.7,5.9,108,2019-05-08T00:00:00+02:00,PT15M
