Datum (MESZ),Kernenergie,Nicht Erneuerbar,Erneuerbar,Day Ahead Auktion
,Leistung (MW),Leistung (MW),Leistung (MW),"Preis (EUR/MWh, EUR/tCO2)"
2019-05-01T00:00+02:00,6637.69,20067.75,15969.02,38
2019-05-01T01:00+02:00,6633.6,19076.97,15482.07,35.2
2019-05-01T02:00+02:00,6641.47,18876.18,15505.25,32.64
2019-05-01T03:00+02:00,6644.18,18483.75,16010.76,31.16
2019-05-01T04:00+02:00,6645.38,17624.72,16609,29.56
2019-05-01T05:00+02:00,6618.75,16984.58,17195.78,29.72
2019-05-01T06:00+02:00,6578.67,15325.29,18500.13,27.51
2019-05-01T07:00+02:00,6556.24,14954.5,21590.08,27.6
2019-05-01T08:00+02:00,6622.37,15198.15,26113.11,30.9
2019-05-01T09:00+02:00,6559.21,15028.69,31172,29.4
2019-05-01T10:00+02:00,6593.73,14781.72,36050.76,28.88
2019-05-01T11:00+02:00,6581.12,13947.09,39836.86,28.65
2019-05-01T12:00+02:00,6550.43,13142.46,42061.24,21.12
2019-05-01T13:00+02:00,5893.79,12671.58,43469.98,4.9
2019-05-01T14:00+02:00,5408.88,12301.98,44242.4,-2.46
2019-05-01T15:00+02:00,5176.33,12262.19,43029.12,-2.82
2019-05-01T16:00+02:00,5326.1,12412.33,40383.02,1.98
2019-05-01T17:00+02:00,5971.83,13189.25,36173.86,19.61
2019-05-01T18:00+02:00,6452.4,15363.16,30456.1,29.65
2019-05-01T19:00+02:00,6557.24,16873.59,25361.61,34.51
2019-05-01T20:00+02:00,6622.14,18552.11,22657,37.25
2019-05-01T21:00+02:00,6629.32,18509.85,22559.55,33.2
2019-05-01T22:00+02:00,6628.53,18421.65,22614.22,35.18
2019-05-01T23:00+02:00,6620.35,17448.05,22692.79,29.96
2019-05-02T00:00+02:00,6605.88,17172.11,22675.78,31.18
2019-05-02T01:00+02:00,6586.34,15389.23,23290.94,27.67
2019-05-02T02:00+02:00,6602.15,14641.97,24087.3,27.21
2019-05-02T03:00+02:00,6616.06,14355.83,24646.76,25.71
2019-05-02T04:00+02:00,6641.1,14494.13,25315.11,26.97
2019-05-02T05:00+02:00,6643.31,18398.44,26032.37,31.93
2019-05-02T06:00+02:00,6641.39,20495.03,27267.74,41.75
2019-05-02T07:00+02:00,6647.67,21372.13,29922.4,45.52
2019-05-02T08:00+02:00,6646.3,21609.17,33691.24,47.18
2019-05-02T09:00+02:00,6607.53,21728.43,38021.95,43.3
2019-05-02T10:00+02:00,6461.2,21684.89,42977.3,39.7
2019-05-02T11:00+02:00,6374.37,21707.37,47430.71,37.32
2019-05-02T12:00+02:00,6270.58,20289.9,49779.03,31.42
2019-05-02T13:00+02:00,6254.29,19993.11,49970.35,31.9
2019-05-02T14:00+02:00,6207.23,20178.55,48782.17,34.32
2019-05-02T15:00+02:00,6245.73,20373.34,45543.84,37
2019-05-02T16:00+02:00,6241.38,21173.74,41956.59,37.48
2019-05-02T17:00+02:00,6254.51,21799.41,37615.49,40.41
2019-05-02T18:00+02:00,6254.71,22395.15,32528.04,45.98
2019-05-02T19:00+02:00,6519.15,22648.16,29067.31,47.18
2019-05-02T20:00+02:00,6630.03,22320.32,27810.15,47.38
2019-05-02T21:00+02:00,6627.2,21771.51,28541.77,45.66
2019-05-02T22:00+02:00,6629.08,21547.8,29152.77,44.72
2019-05-02T23:00+02:00,6608.92,20529.38,28807.82,41.71
2019-05-03T00:00+02:00,6605.87,19542.73,28626.48,33.29
2019-05-03T01:00+02:00,6598.21,18987.83,27854.63,34.9
2019-05-03T02:00+02:00,6605.6,18765.72,26989.7,33.6
2019-05-03T03:00+02:00,6614.68,19255.98,26112.03,32.48
2019-05-03T04:00+02:00,6618.19,20223.92,25686.74,33.1
2019-05-03T05:00+02:00,6627.88,21889.86,25333.32,35.96
2019-05-03T06:00+02:00,6627.88,23525.11,25553.39,41.95
2019-05-03T07:00+02:00,6628.55,24273.96,25590.86,46.99
2019-05-03T08:00+02:00,6613.41,24633.19,28745.46,50.1
2019-05-03T09:00+02:00,6610.29,24014.82,33750.9,47.94
2019-05-03T10:00+02:00,6635.69,23924.63,36526.54,46.9
2019-05-03T11:00+02:00,6621.18,24319.04,38156.2,46.47
2019-05-03T12:00+02:00,6608.98,23961.09,40466.99,43.7
2019-05-03T13:00+02:00,6584.02,23113.42,41843.23,39.84
2019-05-03T14:00+02:00,6605.3,22740.9,41793.02,36.66
2019-05-03T15:00+02:00,6606.75,22605.84,41144.9,35.61
2019-05-03T16:00+02:00,6606.25,23208.28,39195.89,35.47
2019-05-03T17:00+02:00,6614.53,24133.63,36146.33,38.89
2019-05-03T18:00+02:00,6627.64,24150.02,31272.24,42.01
2019-05-03T19:00+02:00,6650.14,24547.91,26710.07,43.96
2019-05-03T20:00+02:00,6648.89,24923.03,23978.38,44.57
2019-05-03T21:00+02:00,6606.66,24666.17,23358.04,44.92
2019-05-03T22:00+02:00,6546.77,23313.89,23534.39,45.37
2019-05-03T23:00+02:00,6414.56,22615.25,23016.88,42.01
2019-05-04T00:00+02:00,6375.19,21638.98,21959.26,39.72
2019-05-04T01:00+02:00,6369.88,21297.71,22288.42,36.77
2019-05-04T02:00+02:00,6333.94,20275.31,22563.75,35.56
2019-05-04T03:00+02:00,6385.2,20042.09,22890.47,34.9
2019-05-04T04:00+02:00,6337.21,19647.35,23299.91,34.98
2019-05-04T05:00+02:00,6289.01,19299.38,23632.63,34.51
2019-05-04T06:00+02:00,6389.25,19439.12,23486.32,35.59
2019-05-04T07:00+02:00,6530.71,19540.03,25273.51,40.87
2019-05-04T08:00+02:00,6572.09,19676.36,27555.33,45
2019-05-04T09:00+02:00,6616.88,19927.96,30177.53,45.07
2019-05-04T10:00+02:00,6631.55,19715.34,32130.45,43.62
2019-05-04T11:00+02:00,6641.72,20344.02,32490.22,42.65
2019-05-04T12:00+02:00,6626.68,20347.26,33412.26,40.56
2019-05-04T13:00+02:00,6525.91,18938.14,34157.25,36.98
2019-05-04T14:00+02:00,6377.64,17510.75,35054.47,34.95
2019-05-04T15:00+02:00,6419.54,16842.68,34856.41,33
2019-05-04T16:00+02:00,6484.31,16632.25,33910.06,32.68
2019-05-04T17:00+02:00,6567.08,17391.58,31583.14,34.11
2019-05-04T18:00+02:00,6683.92,20462.34,27134.19,41.4
2019-05-04T19:00+02:00,6694.41,21295.59,21952.9,44.87
2019-05-04T20:00+02:00,6700.7,21610.77,18505.05,44.81
2019-05-04T21:00+02:00,6683.24,21597.37,18307.03,45.5
2019-05-04T22:00+02:00,6689.96,21537.95,18150.66,45.92
2019-05-04T23:00+02:00,6617.19,20389,19411.82,44.3
2019-05-05T00:00+02:00,6556.62,18391.88,20113.96,35.19
2019-05-05T01:00+02:00,6561.4,17145.95,20825.8,32.02
2019-05-05T02:00+02:00,6569.15,16439.83,20658.08,29.04
2019-05-05T03:00+02:00,6581.28,16318.55,19889.96,28.9
2019-05-05T04:00+02:00,6646.52,16713.7,18646.5,29.04
2019-05-05T05:00+02:00,6675.01,16544.74,18354.67,27.94
2019-05-05T06:00+02:00,6677.37,16744.25,18688.59,28.05
2019-05-05T07:00+02:00,6640.8,16623.41,20847.98,29.01
2019-05-05T08:00+02:00,6681.45,16992.37,23904.5,30.7
2019-05-05T09:00+02:00,6676.55,17309.23,29227.09,30.29
2019-05-05T10:00+02:00,6612.75,16954.49,33097.61,28.46
2019-05-05T11:00+02:00,6651.94,17049.67,34996.49,28.73
2019-05-05T12:00+02:00,6646.97,17074.4,36105.79,28.09
2019-05-05T13:00+02:00,6566.37,15818.82,35194.36,26.4
2019-05-05T14:00+02:00,6589.21,14935.34,35113.92,16.12
2019-05-05T15:00+02:00,6525.16,14726.92,33898.83,15.71
2019-05-05T16:00+02:00,6542.62,15280.36,31883.81,21.72
2019-05-05T17:00+02:00,6658.12,17337.26,28973.9,30.7
2019-05-05T18:00+02:00,6668.61,19476.55,24971.2,32.44
2019-05-05T19:00+02:00,6678.55,21515.01,20996.52,38.47
2019-05-05T20:00+02:00,6683.03,21977.12,18647.04,41.32
2019-05-05T21:00+02:00,6678.01,22145.44,18907.89,41.31
2019-05-05T22:00+02:00,6669.84,22225.25,19913.97,42.34
2019-05-05T23:00+02:00,6672.23,21501.41,20321.31,39.71
2019-05-06T00:00+02:00,6648.56,20145.29,21225.21,37.9
2019-05-06T01:00+02:00,6664.76,19721.11,22280.48,34.99
2019-05-06T02:00+02:00,6667.95,19662.48,23459.82,34.92
2019-05-06T03:00+02:00,6666.18,19642.45,24186.4,33.34
2019-05-06T04:00+02:00,6667.86,20876.7,24675.44,33.07
2019-05-06T05:00+02:00,6666.04,23281.92,24215.35,36.35
2019-05-06T06:00+02:00,6677.69,25479.16,24192.64,45.85
2019-05-06T07:00+02:00,6675.05,26451.74,25922.58,51.63
2019-05-06T08:00+02:00,6657.65,26547.66,29945.89,48.84
2019-05-06T09:00+02:00,6626.89,25983.94,37147.32,45.22
2019-05-06T10:00+02:00,6662.33,26372.12,40647.38,44.75
2019-05-06T11:00+02:00,6665.45,26624.78,40171.48,45.04
2019-05-06T12:00+02:00,6661.99,26712.83,39783.05,44.4
2019-05-06T13:00+02:00,6659.09,27115.35,39296.96,44.19
2019-05-06T14:00+02:00,6668.48,27032.31,38593.25,42.08
2019-05-06T15:00+02:00,6659.76,27297.68,37288.64,41.09
2019-05-06T16:00+02:00,6659.4,27648.34,34957.84,41.16
2019-05-06T17:00+02:00,6657.31,28951.82,30564.1,43.87
2019-05-06T18:00+02:00,6659.92,30146.47,25696.06,47.19
2019-05-06T19:00+02:00,6653.83,30674.34,21697.95,54.4
2019-05-06T20:00+02:00,6668.87,30953.94,19260.4,56.14
2019-05-06T21:00+02:00,6655.46,31178.46,18482.86,56.14
2019-05-06T22:00+02:00,6656.32,31019.84,18097.92,55
2019-05-06T23:00+02:00,6648.79,30141.36,18441.89,45.33
2019-05-07T00:00+02:00,6650.91,28811.24,18351.6,42.32
2019-05-07T01:00+02:00,6649.14,28478.59,18194.41,40.98
2019-05-07T02:00+02:00,6651.85,28201.59,17870,40.8
2019-05-07T03:00+02:00,6651.6,28226.2,17730.81,40.03
2019-05-07T04:00+02:00,6646.59,28928.31,17491.27,40.03
2019-05-07T05:00+02:00,6644.45,29619.84,17024,42.71
2019-05-07T06:00+02:00,6664.36,31096.82,17025.87,51.59
2019-05-07T07:00+02:00,6672.03,31833.64,18822.94,60.16
2019-05-07T08:00+02:00,6666.91,32158.07,23299.88,63.9
2019-05-07T09:00+02:00,6669.24,31426.99,28885.78,57.53
2019-05-07T10:00+02:00,6666.87,30653.78,32140.48,50.61
2019-05-07T11:00+02:00,6670.53,30863.12,32867.56,51.2
2019-05-07T12:00+02:00,6668.95,31089.95,32771.9,47.61
2019-05-07T13:00+02:00,6668.08,30953.28,32760.93,48.94
2019-05-07T14:00+02:00,6664.96,31234.24,31866.65,48
2019-05-07T15:00+02:00,6671.21,30919.39,29756.78,46.77
2019-05-07T16:00+02:00,6667.12,30957.74,26577.91,47.1
2019-05-07T17:00+02:00,6670.89,31850.21,21648.61,48.94
2019-05-07T18:00+02:00,6675.56,32810.49,16571.71,57.45
2019-05-07T19:00+02:00,6674.89,32908.28,12286.14,64.99
2019-05-07T20:00+02:00,6682.41,32975.27,10237.87,68.61
2019-05-07T21:00+02:00,6671.42,32915.84,10336.83,55
2019-05-07T22:00+02:00,6669.51,32681.08,11025.89,50.98
2019-05-07T23:00+02:00,6645.15,31084.33,12402.14,45
2019-05-08T00:00+02:00,6671.87,28859.2,13894.98,44.18
2019-05-08T01:00+02:00,6680.13,27387.52,15341.32,39.03
2019-05-08T02:00+02:00,6688.81,26808.52,16034.35,35.96
2019-05-08T03:00+02:00,6689.72,26690.81,16156.87,35.79
2019-05-08T04:00+02:00,6690.98,26812.82,16753.95,35.08
2019-05-08T05:00+02:00,6686.46,27572.88,17271.57,36.48
2019-05-08T06:00+02:00,6692.49,29283.45,18802.06,44.33
2019-05-08T07:00+02:00,6684.28,30226.07,21485.96,49.44
2019-05-08T08:00+02:00,6674.06,30381.96,23820.96,49.02
2019-05-08T09:00+02:00,6669.59,30277.08,27225.04,46.2
2019-05-08T10:00+02:00,6774.84,29610.59,32585.17,44.66
2019-05-08T11:00+02:00,6665.68,28391.67,37035.32,43.5
2019-05-08T12:00+02:00,6655.52,27523.56,38997.83,42.87
2019-05-08T13:00+02:00,6654.8,26897.45,39241.89,38.19
2019-05-08T14:00+02:00,6648.53,26689.99,38901.23,35.78
2019-05-08T15:00+02:00,6647.86,26271.63,37850.43,34.9
2019-05-08T16:00+02:00,6638.84,26964.24,35515.2,34.38
2019-05-08T17:00+02:00,6626.57,27878.07,33805.01,35.59
2019-05-08T18:00+02:00,6631.4,28144.32,31426.57,37.35
2019-05-08T19:00+02:00,6627.58,28379.41,29166.24,39.19
2019-05-08T20:00+02:00,6629.1,28328.15,27440.35,39.61
2019-05-08T21:00+02:00,6612.25,28433.36,27220.08,38.01
2019-05-08T22:00+02:00,6616.38,27531.56,27157.85,35.24
2019-05-08T23:00+02:00,6626.73,25694.87,27171.56,32.58
2019-05-09T00:00+02:00,6607.13,22163.76,26673.21,33.92
2019-05-09T01:00+02:00,6621.58,20480.36,26830.68,32.01
2019-05-09T02:00+02:00,6592.62,19219.12,26300.36,30.26
2019-05-09T03:00+02:00,6645.98,19771.94,25176,30.69
2019-05-09T04:00+02:00,6648.75,20563.58,24296.18,33.1
2019-05-09T05:00+02:00,6652.32,24471.57,23143.13,37.07
2019-05-09T06:00+02:00,6657.94,27901.38,22652.39,45.99
2019-05-09T07:00+02:00,6658.95,29001.44,23269.07,49.92
2019-05-09T08:00+02:00,6652.53,29320.42,25795.32,54.66
2019-05-09T09:00+02:00,6645.11,28830.31,30096.05,52.19
2019-05-09T10:00+02:00,6647.71,28075.54,32299.04,49.95
2019-05-09T11:00+02:00,6647.6,28027.23,32548.15,49.93
2019-05-09T12:00+02:00,6641.86,28203.37,32484.04,49.05
2019-05-09T13:00+02:00,6640.39,28074.79,32086.84,47.76
2019-05-09T14:00+02:00,6641.13,27701.82,30393.9,45.76
2019-05-09T15:00+02:00,6641.71,27630.07,28459.11,45.33
2019-05-09T16:00+02:00,6639.79,28077.75,25822.44,45.54
2019-05-09T17:00+02:00,6639.06,29210.83,22490.68,49.71
2019-05-09T18:00+02:00,6648.34,30498.55,19497.14,49.98
2019-05-09T19:00+02:00,6645.58,30884.75,17437.13,55.05
2019-05-09T20:00+02:00,6650.2,31012.03,16357.6,55.24
2019-05-09T21:00+02:00,6644.15,30836.02,16375.24,49.9
2019-05-09T22:00+02:00,6637.83,29840.65,17166.21,49.07
2019-05-09T23:00+02:00,6633.76,27895.78,17792.41,44
2019-05-10T00:00+02:00,6641.77,26872.32,17998.07,40.1
2019-05-10T01:00+02:00,6643.77,26695.91,18038.64,38.83
2019-05-10T02:00+02:00,6648.6,26185.82,18035.85,37.54
2019-05-10T03:00+02:00,6645.38,25845.96,18388.84,37.25
2019-05-10T04:00+02:00,6648.08,25970.17,19310.99,37.17
2019-05-10T05:00+02:00,6647.53,27690.07,19536.97,39.02
2019-05-10T06:00+02:00,6661.82,29512.22,20513.74,47.63
2019-05-10T07:00+02:00,6663.74,30496.39,22579.92,54.58
2019-05-10T08:00+02:00,6644.52,30932.6,25561.77,56.17
2019-05-10T09:00+02:00,6648.31,31202.49,29874.14,53.07
2019-05-10T10:00+02:00,6656.2,31056.85,33268.56,49.82
2019-05-10T11:00+02:00,6650.3,30850.77,35715.67,46.93
2019-05-10T12:00+02:00,6646.62,30679.55,37323.63,42.7
2019-05-10T13:00+02:00,6638.42,29867.47,38043.72,37.5
2019-05-10T14:00+02:00,6619.7,28904.15,37761.77,37.1
2019-05-10T15:00+02:00,6617.65,28825.66,36229.66,37.06
2019-05-10T16:00+02:00,6618.16,28591.61,32958.62,37.38
2019-05-10T17:00+02:00,6632.09,29197.12,27666.59,42.7
2019-05-10T18:00+02:00,6637.16,29709.08,21725.75,48.9
2019-05-10T19:00+02:00,6636.09,29920.97,16902.86,50.48
2019-05-10T20:00+02:00,6641.47,30097.14,13189.55,51.98
2019-05-10T21:00+02:00,6635.9,30276.42,11670.14,51.45
2019-05-10T22:00+02:00,6636.39,30334.43,10579.69,51.22
2019-05-10T23:00+02:00,6636.13,29505,10371,48.47
2019-05-11T00:00+02:00,6646.85,27617.5,10377.81,44.06
2019-05-11T01:00+02:00,6643.65,26978.41,10919.8,40
2019-05-11T02:00+02:00,6649.21,25787.48,11604.72,37.94
2019-05-11T03:00+02:00,6649.83,25058.94,12110.96,36.52
2019-05-11T04:00+02:00,6650.85,25579.47,12780.55,37.16
2019-05-11T05:00+02:00,6639.62,25205.66,13378.72,36.83
2019-05-11T06:00+02:00,6656.72,25380.76,14759.67,37.48
2019-05-11T07:00+02:00,6655.18,25267.11,17359.98,39.11
2019-05-11T08:00+02:00,6648.41,24861.58,19518.78,42.17
2019-05-11T09:00+02:00,6633.13,24414.51,23004.63,43
2019-05-11T10:00+02:00,6641.16,23311.91,26687.96,39.2
2019-05-11T11:00+02:00,6634.23,22910.29,29569.25,38.72
2019-05-11T12:00+02:00,6629.09,21722.37,31408.25,36.85
2019-05-11T13:00+02:00,6616.87,19723.09,31830.97,36.22
2019-05-11T14:00+02:00,6538.89,17750.74,33180.19,33.41
2019-05-11T15:00+02:00,6532.58,16539.67,32949.79,32.09
2019-05-11T16:00+02:00,6521.5,16809.64,32432.07,32.09
2019-05-11T17:00+02:00,6580,18180.53,31719.61,34.7
2019-05-11T18:00+02:00,6569.01,19918.5,31009.32,37.36
2019-05-11T19:00+02:00,6549.24,20569.85,29351.54,39.9
2019-05-11T20:00+02:00,6612.25,20746.34,27522.61,37.88
2019-05-11T21:00+02:00,6596.71,20757.11,27351.99,37.61
2019-05-11T22:00+02:00,6566.63,19914.17,27056.48,37.26
2019-05-11T23:00+02:00,6580.62,18045.37,26375.58,35.02
2019-05-12T00:00+02:00,6617.87,15920.33,26101.98,35.78
2019-05-12T01:00+02:00,6605.11,14588.49,26158.62,29.56
2019-05-12T02:00+02:00,6514.14,13535.37,26307.18,26.7
2019-05-12T03:00+02:00,6494.56,12675.75,26157.39,22.66
2019-05-12T04:00+02:00,6478.13,12927.84,25576.56,20.91
2019-05-12T05:00+02:00,6464.16,12990.4,25388.13,20.4
2019-05-12T06:00+02:00,6313.97,13014.43,25491.77,23.64
2019-05-12T07:00+02:00,6502.21,13176.62,26022.89,23.04
2019-05-12T08:00+02:00,6603.03,14006.78,30408.4,26.79
2019-05-12T09:00+02:00,6545.14,13193.02,35295.25,20.34
2019-05-12T10:00+02:00,6448.24,12291.98,39042.07,9.93
2019-05-12T11:00+02:00,6385.28,12324.53,43084.29,8.05
2019-05-12T12:00+02:00,6030.11,12030.93,45588.56,9.48
2019-05-12T13:00+02:00,5704.61,11768.41,46575.51,-0.51
2019-05-12T14:00+02:00,5655.96,11240.71,46290.05,-15.06
2019-05-12T15:00+02:00,5557.64,11226.47,44882.2,-22.96
2019-05-12T16:00+02:00,5571.98,11020.44,42356.24,-8.54
2019-05-12T17:00+02:00,5969.15,11623.55,38759.05,9.91
2019-05-12T18:00+02:00,6506.18,14068.61,33988.37,30.34
2019-05-12T19:00+02:00,6576.46,16729.72,29221.41,36.92
2019-05-12T20:00+02:00,6606.1,18611.03,24993.83,40
2019-05-12T21:00+02:00,6596.63,19897.88,24503.85,40.87
2019-05-12T22:00+02:00,6607.26,19551.46,24377.89,41.92
2019-05-12T23:00+02:00,6604.85,19182.43,24081.1,36.02
2019-05-13T00:00+02:00,6494.53,18101.8,23799.26,35.69
2019-05-13T01:00+02:00,6518.67,17316.91,23327.84,29.74
2019-05-13T02:00+02:00,6537.85,17087.04,22895.27,29.37
2019-05-13T03:00+02:00,6541.48,17383.74,22681.22,29.41
2019-05-13T04:00+02:00,6527.63,18949.9,22238.61,30.43
2019-05-13T05:00+02:00,6617.8,22204.65,21451.03,35.73
2019-05-13T06:00+02:00,6633.22,25280.19,21302.79,46.16
2019-05-13T07:00+02:00,6633.47,26202.99,22696.51,53.01
2019-05-13T08:00+02:00,6630.52,26328.43,27441.81,53.01
2019-05-13T09:00+02:00,6635.43,26032.67,33760.15,47.26
2019-05-13T10:00+02:00,6637.47,25191.31,39545.79,40
2019-05-13T11:00+02:00,6639.22,23463.93,43546.78,36.7
2019-05-13T12:00+02:00,6635.97,21720.56,45818.79,34.7
2019-05-13T13:00+02:00,6575,20737.09,46421.68,32.74
2019-05-13T14:00+02:00,6603.58,19764.55,46329.89,31.33
2019-05-13T15:00+02:00,6539.38,19132.66,45366.53,30.98
2019-05-13T16:00+02:00,6527.05,19372.58,42786.24,32.06
2019-05-13T17:00+02:00,6543.31,21262.8,37778.34,36.05
2019-05-13T18:00+02:00,6590.79,24126.63,31224.56,43.6
2019-05-13T19:00+02:00,6624.36,25697.36,24978.12,48.95
2019-05-13T20:00+02:00,6635.12,26068.12,20718.04,48.96
2019-05-13T21:00+02:00,6631.27,26212.22,20063.56,47.61
2019-05-13T22:00+02:00,6627.5,25733.9,20602.95,46.88
2019-05-13T23:00+02:00,6582.69,24776.25,20622.29,41.26
2019-05-14T00:00+02:00,6597.16,22992.78,20364.72,38.34
2019-05-14T01:00+02:00,6611.32,21105.57,19645.86,35.83
2019-05-14T02:00+02:00,6619.72,20557.24,19399.89,35.32
2019-05-14T03:00+02:00,6619.41,20642.54,19235.74,34.96
2019-05-14T04:00+02:00,6617.48,21114.1,19154.6,35.6
2019-05-14T05:00+02:00,6623.42,24070.02,19012.6,38.79
2019-05-14T06:00+02:00,6655.13,26514.53,19290.47,48.43
2019-05-14T07:00+02:00,6655.37,27160.15,20962.53,54.76
2019-05-14T08:00+02:00,6654.06,26973.41,25849,55.53
2019-05-14T09:00+02:00,6655.03,25836.01,32541.94,46.98
2019-05-14T10:00+02:00,6659.53,24143.39,37298.1,40.71
2019-05-14T11:00+02:00,6654.08,24187.8,39399.49,36.3
2019-05-14T12:00+02:00,6617.21,23090.38,40204.38,34.26
2019-05-14T13:00+02:00,6605.75,22398.85,40549.44,34
2019-05-14T14:00+02:00,6596.42,22642.01,40442.84,33.84
2019-05-14T15:00+02:00,6535.65,21884.86,39826.37,34.04
2019-05-14T16:00+02:00,6474.51,22037.22,37659.56,34.93
2019-05-14T17:00+02:00,6545.54,23827.24,33750.65,37.3
2019-05-14T18:00+02:00,6627.95,25974.79,28852.61,43.95
2019-05-14T19:00+02:00,6629.7,26802.26,23908.05,47.91
2019-05-14T20:00+02:00,6644.46,26917.17,19794.41,48.45
2019-05-14T21:00+02:00,6637.05,26581.26,19311.88,48.36
2019-05-14T22:00+02:00,6616.05,26450.15,20007.97,45.19
2019-05-14T23:00+02:00,6615.85,25128.87,20294.83,40.36
2019-05-15T00:00+02:00,6602.82,23022.84,19416.73,37.1
2019-05-15T01:00+02:00,6619.28,21995.72,18264.8,35.68
2019-05-15T02:00+02:00,6622.11,21781,17440.54,35.57
2019-05-15T03:00+02:00,6628.9,22310.44,16732.93,35.44
2019-05-15T04:00+02:00,6627.39,23135.65,16624.48,34.38
2019-05-15T05:00+02:00,6627.29,25094.82,16382.93,36.21
2019-05-15T06:00+02:00,6641.76,27557.72,17216.72,46.65
2019-05-15T07:00+02:00,6651.68,28363.02,19245.87,50.99
2019-05-15T08:00+02:00,6659.06,28477.27,22935.22,55.07
2019-05-15T09:00+02:00,6648.83,28064.43,30064.41,47.82
2019-05-15T10:00+02:00,6626.78,26211.35,36107.44,44.84
2019-05-15T11:00+02:00,6631.2,24649.8,39580.08,40.94
2019-05-15T12:00+02:00,6605.85,24440.8,40255.35,38.77
2019-05-15T13:00+02:00,6599.22,24317.9,39852.13,35.67
2019-05-15T14:00+02:00,6590,23920.63,38109.5,35.57
2019-05-15T15:00+02:00,6596.38,23627.14,35430.59,34.28
2019-05-15T16:00+02:00,6596.9,24844.64,32383.71,35.52
2019-05-15T17:00+02:00,6590.32,26303.03,28991.36,40
2019-05-15T18:00+02:00,6629.94,27308.16,25563.76,44.11
2019-05-15T19:00+02:00,6635.75,27982.36,21847.95,45.8
2019-05-15T20:00+02:00,6635.89,28072.87,19009.52,44.37
2019-05-15T21:00+02:00,6635.02,27680.84,18636.93,43.23
2019-05-15T22:00+02:00,6633.7,27337.41,18841.59,43.5
2019-05-15T23:00+02:00,6614.06,26534.76,18854.29,38.91
2019-05-16T00:00+02:00,6599.13,24858.04,19022.74,34.5
2019-05-16T01:00+02:00,6600.99,23627.56,19093.45,34.5
2019-05-16T02:00+02:00,6609.8,22870.33,18998.22,34.01
2019-05-16T03:00+02:00,6612.7,22842.21,18743.48,32.07
2019-05-16T04:00+02:00,6613.65,23227.7,18735.65,33.09
2019-05-16T05:00+02:00,6597.79,25289.36,18829.44,35.05
2019-05-16T06:00+02:00,6621.48,27826.37,19982.37,42.7
2019-05-16T07:00+02:00,6643.87,29074.79,21517.95,47.21
2019-05-16T08:00+02:00,6636.21,29501.13,24038.59,49.3
2019-05-16T09:00+02:00,6629.16,29031.72,27174.03,45.06
2019-05-16T10:00+02:00,6633.44,28808.64,29545.88,44.23
2019-05-16T11:00+02:00,6623.77,28831.36,30846.57,43.93
2019-05-16T12:00+02:00,6619.36,28367.36,31354.76,41.7
2019-05-16T13:00+02:00,6620.61,28076.12,31215.63,39.97
2019-05-16T14:00+02:00,6617.37,28248.37,29945.87,38.87
2019-05-16T15:00+02:00,6614.31,28741.53,28871.22,37.97
2019-05-16T16:00+02:00,6609.84,28110.19,27484.79,35.9
2019-05-16T17:00+02:00,6603.96,28682.48,25383.86,39.05
2019-05-16T18:00+02:00,6594.26,28678.58,24195.26,40.97
2019-05-16T19:00+02:00,6597.37,28558.75,22689.15,42.8
2019-05-16T20:00+02:00,6598.09,28391.63,21779.06,41.58
2019-05-16T21:00+02:00,6596.01,28081.03,21208.31,41.38
2019-05-16T22:00+02:00,6578.78,27456.66,20169.1,40.83
2019-05-16T23:00+02:00,6559.06,26634.68,19640.71,36.79
2019-05-17T00:00+02:00,6561.49,24277.97,18920.18,35.7
2019-05-17T01:00+02:00,6566.61,23254.42,18214.19,35.18
2019-05-17T02:00+02:00,6572.1,22789.94,17556.72,34.25
2019-05-17T03:00+02:00,6568.25,22251.1,17364.21,33.79
2019-05-17T04:00+02:00,6571.04,22917.38,17130.45,34
2019-05-17T05:00+02:00,6564.85,24727.46,17266.72,36.09
2019-05-17T06:00+02:00,6594.46,27267.23,18234.55,41.13
2019-05-17T07:00+02:00,6607.54,28194.95,20435.86,47.06
2019-05-17T08:00+02:00,6610.64,28403.5,23546.9,51.13
2019-05-17T09:00+02:00,6611.35,28422.51,27582.7,49.17
2019-05-17T10:00+02:00,6608.02,28363.14,31147.04,46.27
2019-05-17T11:00+02:00,6599.16,28138.07,33616.67,46.03
2019-05-17T12:00+02:00,6593.78,27894.77,34359.31,44.86
2019-05-17T13:00+02:00,6553.69,27509.5,34222.29,41.6
2019-05-17T14:00+02:00,6526.63,27301,33270.89,39.15
2019-05-17T15:00+02:00,6520.95,26681.34,31822.89,38.49
2019-05-17T16:00+02:00,6512.91,26449.52,29092.84,39.04
2019-05-17T17:00+02:00,6262.5,26900.85,25322.77,42.53
2019-05-17T18:00+02:00,5648.56,27278.4,21012.6,48.53
2019-05-17T19:00+02:00,5429.66,27416.74,17663.5,52.92
2019-05-17T20:00+02:00,5372.66,27304.03,15991.74,52.9
2019-05-17T21:00+02:00,5362.63,27002.87,16678.6,49.25
2019-05-17T22:00+02:00,5368.02,26317.09,16949.94,48.32
2019-05-17T23:00+02:00,5357.99,25506.29,17150.68,43.47
2019-05-18T00:00+02:00,5363.03,24877.23,17102.59,37.37
2019-05-18T01:00+02:00,5362.67,24067.39,16619.49,34.39
2019-05-18T02:00+02:00,5381.07,23057.95,16412.5,34.85
2019-05-18T03:00+02:00,5390.93,22126.49,16454.97,34.11
2019-05-18T04:00+02:00,5386.97,22084.53,16412.01,34.76
2019-05-18T05:00+02:00,5388.93,22936.02,16575.71,33.42
2019-05-18T06:00+02:00,5383.96,23621.46,17353.22,33.92
2019-05-18T07:00+02:00,5396.5,24403.96,19559.9,36.24
2019-05-18T08:00+02:00,5395.77,24589.78,23647.57,38.99
2019-05-18T09:00+02:00,5389.8,24432.62,29333.37,37.52
2019-05-18T10:00+02:00,5380.34,23060.44,34810.18,35.12
2019-05-18T11:00+02:00,5360.61,21415.13,39568.79,34.79
2019-05-18T12:00+02:00,5346.41,20142.71,42140.99,33.9
2019-05-18T13:00+02:00,5371.83,19718.22,41606.67,33.05
2019-05-18T14:00+02:00,5371.36,19643.07,38932.16,32.36
2019-05-18T15:00+02:00,5367.96,19951.55,35198.05,33.25
2019-05-18T16:00+02:00,5336.27,21851.51,31015.88,34.1
2019-05-18T17:00+02:00,5363.75,23223.96,26648.89,35.36
2019-05-18T18:00+02:00,5365.89,23691.79,22042.79,43.09
2019-05-18T19:00+02:00,5362.94,24126.92,18278.44,45.08
2019-05-18T20:00+02:00,5361.1,24273.94,16527.2,45.17
2019-05-18T21:00+02:00,5356.15,24208.84,16751.6,44.75
2019-05-18T22:00+02:00,5352.22,24060.68,16783.18,44.96
2019-05-18T23:00+02:00,5354.17,23902.31,16202.65,42
2019-05-19T00:00+02:00,5367.29,23220.27,13542.65,39.66
2019-05-19T01:00+02:00,5370.98,22721.31,12392.63,36.02
2019-05-19T02:00+02:00,5375.56,21727.1,11699.91,35
2019-05-19T03:00+02:00,5375.75,21432.78,11601.26,34.03
2019-05-19T04:00+02:00,5375.02,20764.11,11590.09,34.3
2019-05-19T05:00+02:00,5376.86,19647.18,11708.13,34.03
2019-05-19T06:00+02:00,5368.49,19237.43,13868.43,33.37
2019-05-19T07:00+02:00,5370.12,19511.97,17231.2,34.04
2019-05-19T08:00+02:00,5336.69,20055.4,21473.43,35.07
2019-05-19T09:00+02:00,5368.96,20313.79,26465.67,35.02
2019-05-19T10:00+02:00,5382.61,19554.82,31725.91,34.08
2019-05-19T11:00+02:00,5363.46,18328.64,36343.9,34.1
2019-05-19T12:00+02:00,5301.4,17878.02,38063.98,33.8
2019-05-19T13:00+02:00,5348.28,17543.14,37873.93,29.64
2019-05-19T14:00+02:00,5357.61,17303.74,35990.07,27.41
2019-05-19T15:00+02:00,5341.14,17229.13,33870.04,27.49
2019-05-19T16:00+02:00,5349.34,18268.65,31167.05,30.28
2019-05-19T17:00+02:00,5352.2,19689.17,27695.41,34.47
2019-05-19T18:00+02:00,5344.13,22208.06,23611.53,38.28
2019-05-19T19:00+02:00,5346.78,23671.53,20320.32,42.28
2019-05-19T20:00+02:00,5341.28,23736.74,17760.63,42.34
2019-05-19T21:00+02:00,5342.51,24078.46,16768.13,41.71
2019-05-19T22:00+02:00,5337.37,24159.86,16591.11,43.33
2019-05-19T23:00+02:00,5333.3,24185.04,16293.73,38.94
2019-05-20T00:00+02:00,5339.08,23670.84,15532.78,37.3
2019-05-20T01:00+02:00,5349.85,22871.51,15075.23,35
2019-05-20T02:00+02:00,5360.47,21487.44,14656.87,34.55
2019-05-20T03:00+02:00,5353.93,21339.04,14051.4,34.13
2019-05-20T04:00+02:00,5346.06,22707.79,13589.9,33.77
2019-05-20T05:00+02:00,5358.08,25244.81,13482.25,36.04
2019-05-20T06:00+02:00,5382.89,27681.43,14529.06,48.06
2019-05-20T07:00+02:00,5387.49,28975.68,16056,60.87
2019-05-20T08:00+02:00,5388.83,29507.01,17724.13,63.22
2019-05-20T09:00+02:00,5395.24,29676.82,20167.1,57.73
2019-05-20T10:00+02:00,5392.51,29814.66,22359.45,56.63
2019-05-20T11:00+02:00,5391.08,30090.97,24329.05,55.5
2019-05-20T12:00+02:00,5387.81,29991.78,25430.4,51.99
2019-05-20T13:00+02:00,5390.52,29573.89,25717.68,50.29
2019-05-20T14:00+02:00,5390.71,29677.14,25405.92,47.59
2019-05-20T15:00+02:00,5386.36,29561.89,25406.49,46.01
2019-05-20T16:00+02:00,5388.07,29398.54,25267.12,45.1
2019-05-20T17:00+02:00,5392.34,29430.45,25447.4,46.09
2019-05-20T18:00+02:00,5390.77,29272.18,24539.53,47.91
2019-05-20T19:00+02:00,5389.31,29334.68,23180,49.39
2019-05-20T20:00+02:00,5385.78,29067.1,22609.64,46.18
2019-05-20T21:00+02:00,5372.58,28355.65,22253.96,45.8
2019-05-20T22:00+02:00,5350.55,27121.84,22617.19,44.17
2019-05-20T23:00+02:00,5354.18,25111.44,22854.37,37.66
2019-05-21T00:00+02:00,5294.85,21616.07,23194.02,35.2
2019-05-21T01:00+02:00,5340.7,20388.62,23012.13,34.44
2019-05-21T02:00+02:00,5341.91,19924.02,23015.81,33.12
2019-05-21T03:00+02:00,5364.31,19850.65,22370.44,31.49
2019-05-21T04:00+02:00,5376.52,20940.21,21672.77,32.37
2019-05-21T05:00+02:00,5369.26,23499.89,21574.46,35.04
2019-05-21T06:00+02:00,5368.53,26428.73,23352.71,40.81
2019-05-21T07:00+02:00,5375.61,27668.27,25463.26,50.08
2019-05-21T08:00+02:00,5375.36,28137.36,26792.96,57.61
2019-05-21T09:00+02:00,5380.15,28091.31,28471.61,55
2019-05-21T10:00+02:00,5379.67,27872.57,30197.95,52.52
2019-05-21T11:00+02:00,5378.38,27786.6,31745.65,51.15
2019-05-21T12:00+02:00,5356.01,27643.6,32343.69,49.85
2019-05-21T13:00+02:00,5341.52,27511.41,32430.13,46.27
2019-05-21T14:00+02:00,5345.35,27279.46,32447.01,44.25
2019-05-21T15:00+02:00,5351.73,27353.45,31723.68,42.65
2019-05-21T16:00+02:00,5371.47,27349.81,31243.19,41.86
2019-05-21T17:00+02:00,5372.88,27565.21,30425.87,44.38
2019-05-21T18:00+02:00,5373.22,27360.51,29763.87,45.95
2019-05-21T19:00+02:00,5374.6,27264.85,29404.22,46.96
2019-05-21T20:00+02:00,5371.51,27067.41,28830.39,44.87
2019-05-21T21:00+02:00,5360.02,26338.39,28969.65,44.11
2019-05-21T22:00+02:00,5360.94,25839.13,28266.66,42.57
2019-05-21T23:00+02:00,5337.9,24316.04,28179.1,36.35
2019-05-22T00:00+02:00,5257.08,21380.29,27774.86,32.66
2019-05-22T01:00+02:00,5314.65,20442.09,27611.11,32.5
2019-05-22T02:00+02:00,5329.02,19461.55,27640.64,29.66
2019-05-22T03:00+02:00,5298.76,19111.12,27615.04,29
2019-05-22T04:00+02:00,5317.47,19466.13,28376.38,29.61
2019-05-22T05:00+02:00,5335.69,20654.06,29301.58,33.09
2019-05-22T06:00+02:00,5345.92,24579.91,30038.21,37.6
2019-05-22T07:00+02:00,5372.28,27192.81,30958.31,46.6
2019-05-22T08:00+02:00,5364.15,27408.96,32020.13,50.35
2019-05-22T09:00+02:00,5371.44,27490.4,33058.05,48.37
2019-05-22T10:00+02:00,5378.25,27474.55,34556.5,45.77
2019-05-22T11:00+02:00,5381.76,27353.04,36326.48,42.41
2019-05-22T12:00+02:00,5387.76,27197.16,38018.22,40.99
2019-05-22T13:00+02:00,5383.64,26458.76,39054.19,38.65
2019-05-22T14:00+02:00,5402.87,26390.31,39374.58,36.99
2019-05-22T15:00+02:00,5412.68,25821.52,38875.28,36.02
2019-05-22T16:00+02:00,5409.32,25728.69,36821.72,35.71
2019-05-22T17:00+02:00,5398.28,26078.41,33995.33,39
2019-05-22T18:00+02:00,5405.26,26370.92,29687.34,42.85
2019-05-22T19:00+02:00,5403.34,26987.04,24530.95,47.47
2019-05-22T20:00+02:00,5405.51,26980.04,19634.06,48.99
2019-05-22T21:00+02:00,5406.38,26955.39,17533.85,48.14
2019-05-22T22:00+02:00,5403.38,26693.26,16452.42,48.45
2019-05-22T23:00+02:00,5391.76,25275.09,15668.08,41.16
2019-05-23T00:00+02:00,5400.69,24106.28,15375.16,35.8
2019-05-23T01:00+02:00,5396.6,22505.94,15025,33.32
2019-05-23T02:00+02:00,5408.43,21343.96,14919.35,32.37
2019-05-23T03:00+02:00,5410.89,21288.02,14875.71,31.85
2019-05-23T04:00+02:00,5412.61,21759.99,14919.66,33.03
2019-05-23T05:00+02:00,5404.91,23840.19,15358.38,35.72
2019-05-23T06:00+02:00,5410.43,25527.76,17530.67,40.8
2019-05-23T07:00+02:00,5416.43,26400.27,21798.1,46.77
2019-05-23T08:00+02:00,5405.48,26425.27,27276.63,47.06
2019-05-23T09:00+02:00,5403.6,25547.84,34039.63,40.86
2019-05-23T10:00+02:00,5404.96,24658.24,38875.38,35.85
2019-05-23T11:00+02:00,5391.07,23935.16,41681.56,35.6
2019-05-23T12:00+02:00,5392.51,23792.26,42629.23,35.56
2019-05-23T13:00+02:00,5372.18,23723.18,42026.55,35.74
2019-05-23T14:00+02:00,5379.33,23537.59,40010.48,35.55
2019-05-23T15:00+02:00,5374.83,24144.71,36776.84,36.76
2019-05-23T16:00+02:00,5379.83,24682.71,32292.48,37.57
2019-05-23T17:00+02:00,5370.56,25866.12,26673.14,43.04
2019-05-23T18:00+02:00,5374.93,26717.54,20356.48,48.55
2019-05-23T19:00+02:00,5376.98,27046.82,14903.28,52.38
2019-05-23T20:00+02:00,5379.84,26985.56,11551.37,55.18
2019-05-23T21:00+02:00,5395.15,27045.07,10842.09,52.07
2019-05-23T22:00+02:00,5388.13,26829.29,11076.55,49.41
2019-05-23T23:00+02:00,5390.27,25696.76,11501.31,45.28
2019-05-24T00:00+02:00,5390.05,23676.8,12040.3,39.9
2019-05-24T01:00+02:00,5399.68,21885.64,12737.99,35.24
2019-05-24T02:00+02:00,5405.41,21370.78,13393.97,34.96
2019-05-24T03:00+02:00,5397.92,20933.44,14277.66,34.93
2019-05-24T04:00+02:00,5388.88,21146.79,15283.42,34.79
2019-05-24T05:00+02:00,5377.75,22861.76,16453.64,35.99
2019-05-24T06:00+02:00,5380.27,24487.15,18978.64,44.78
2019-05-24T07:00+02:00,5395.18,25318.62,22756.2,49.9
2019-05-24T08:00+02:00,5398.26,25433.72,27042.87,50.95
2019-05-24T09:00+02:00,5400.13,25331.81,32631.72,45.94
2019-05-24T10:00+02:00,5398.71,24620.14,38246.18,43.78
2019-05-24T11:00+02:00,5395.09,22662.5,42183.28,39.54
2019-05-24T12:00+02:00,5380.83,21759.07,44015.33,37.48
2019-05-24T13:00+02:00,5373.57,21158.33,44317.04,35.85
2019-05-24T14:00+02:00,5370.24,20550.83,43684.88,35.35
2019-05-24T15:00+02:00,5362.62,20142.19,41411.5,35
2019-05-24T16:00+02:00,5361.77,20271.61,37675.59,35.08
2019-05-24T17:00+02:00,5363.59,21510.42,32973.7,36.64
2019-05-24T18:00+02:00,5369.77,22526.94,27880.75,41.64
2019-05-24T19:00+02:00,5374.24,22867.73,23006.42,44.88
2019-05-24T20:00+02:00,5376.15,23084.07,19211.8,45.74
2019-05-24T21:00+02:00,5372.23,23222.3,17632.13,45.77
2019-05-24T22:00+02:00,5379.8,22930.86,17388.33,45.06
2019-05-24T23:00+02:00,5371.42,21662.35,17228.75,41.89
2019-05-25T00:00+02:00,5356.9,19434.87,17061.35,41.97
2019-05-25T01:00+02:00,5360.15,17832.82,16645.58,37.15
2019-05-25T02:00+02:00,5363.82,17554.61,15754.25,35.07
2019-05-25T03:00+02:00,5364.39,17281.79,15294.19,34.03
2019-05-25T04:00+02:00,5379.43,17332.6,14879.59,33.84
2019-05-25T05:00+02:00,5377,17148.93,14923.31,33.09
2019-05-25T06:00+02:00,5385.16,17317.32,16465.09,34.05
2019-05-25T07:00+02:00,5391.34,17826.52,19566.6,35.11
2019-05-25T08:00+02:00,5389.57,18530.09,23352.79,37.7
2019-05-25T09:00+02:00,5383.7,18906.6,27592.86,37.56
2019-05-25T10:00+02:00,5375.9,19016.73,31169.21,36.32
2019-05-25T11:00+02:00,5371.67,18406.5,33420.29,35.2
2019-05-25T12:00+02:00,5366.21,17965.24,34334.78,34.24
2019-05-25T13:00+02:00,5351.98,16919.84,34922.37,33.01
2019-05-25T14:00+02:00,5355.22,16002.96,34500.07,31.42
2019-05-25T15:00+02:00,5355.09,16013.97,32505.05,31.35
2019-05-25T16:00+02:00,5358.35,16888.35,29799.51,32.08
2019-05-25T17:00+02:00,5354.99,17732.07,26752.23,34.19
2019-05-25T18:00+02:00,5356.27,18708.31,22469.46,37.48
2019-05-25T19:00+02:00,5357.09,19307.27,18503.66,41.12
2019-05-25T20:00+02:00,5356,19600.81,15473.61,44.47
2019-05-25T21:00+02:00,5354.66,19834.53,14421.62,44.71
2019-05-25T22:00+02:00,5357.62,19853.72,14592.64,44.47
2019-05-25T23:00+02:00,5353.49,19458.77,14615.62,40.58
2019-05-26T00:00+02:00,5366.89,17280.18,14453.09,36.4
2019-05-26T01:00+02:00,5362.41,16172.54,14864.95,33.04
2019-05-26T02:00+02:00,5354.56,14317.27,16203.75,29.44
2019-05-26T03:00+02:00,5365.78,12917.5,17960.46,28.59
2019-05-26T04:00+02:00,5359.54,12444.16,20339.11,23.06
2019-05-26T05:00+02:00,5322.56,12219.43,22532.69,18.4
2019-05-26T06:00+02:00,5283.32,11997.91,25143.5,14.63
2019-05-26T07:00+02:00,4827.72,12030.9,28310.63,18.65
2019-05-26T08:00+02:00,4653.42,11680.66,32226.1,24.58
2019-05-26T09:00+02:00,4634.2,11488.96,38889.34,22.61
2019-05-26T10:00+02:00,4502.31,11118.93,45107.27,18.69
2019-05-26T11:00+02:00,4378.4,10818.33,48425.94,19.93
2019-05-26T12:00+02:00,4346.01,10711.48,50282.31,15.31
2019-05-26T13:00+02:00,4339.7,10668.02,48150.43,-3.13
2019-05-26T14:00+02:00,4351.56,10617.33,45501.38,-13.95
2019-05-26T15:00+02:00,4367.49,10584.43,43530.29,-6.54
2019-05-26T16:00+02:00,4390.23,10571.64,42244.95,4.67
2019-05-26T17:00+02:00,4580.29,11119.63,41375.39,21.78
2019-05-26T18:00+02:00,4905.86,13656.57,36858.32,33.01
2019-05-26T19:00+02:00,5086.3,14772.11,32177.1,36.63
2019-05-26T20:00+02:00,5106.63,15235.54,29031.68,37.16
2019-05-26T21:00+02:00,5120.54,15350.42,28763.87,36.59
2019-05-26T22:00+02:00,5125.19,15365.49,29446.33,36.37
2019-05-26T23:00+02:00,5122.98,14524.69,30420.27,32.45
2019-05-27T00:00+02:00,5122.25,13015.71,30193.65,18.67
2019-05-27T01:00+02:00,5119.87,12295.45,29211.68,12.86
2019-05-27T02:00+02:00,5118.85,12159.74,28214.44,12.2
2019-05-27T03:00+02:00,5111.28,12449.19,27489.75,14.09
2019-05-27T04:00+02:00,5116.9,13333.35,26921.38,19.65
2019-05-27T05:00+02:00,5124.24,14996.92,25936.62,28.76
2019-05-27T06:00+02:00,5116.39,18537.43,26068.27,37.32
2019-05-27T07:00+02:00,5115.84,20222.92,27502.87,46.45
2019-05-27T08:00+02:00,5127.14,20880.2,30793.8,43.35
2019-05-27T09:00+02:00,5419.74,21324.44,35595.53,42.37
2019-05-27T10:00+02:00,5655.96,21026.41,40581.53,39.74
2019-05-27T11:00+02:00,5677.97,21365.96,42272.6,39.27
2019-05-27T12:00+02:00,5857.64,21878.74,41239.77,38.03
2019-05-27T13:00+02:00,5946,21830.39,40208.2,38
2019-05-27T14:00+02:00,6118.97,21695.72,39266.26,36.43
2019-05-27T15:00+02:00,6175.63,21911.6,36379.9,35.89
2019-05-27T16:00+02:00,6176.92,22514.08,32016.54,35.46
2019-05-27T17:00+02:00,6169.79,23017.46,27953.49,38.52
2019-05-27T18:00+02:00,6190.73,23494.13,24454.21,43.78
2019-05-27T19:00+02:00,6202.14,23578.53,21131.79,46.96
2019-05-27T20:00+02:00,6332.15,23354.96,18484.4,50.59
2019-05-27T21:00+02:00,6438.49,23268.01,17537.38,48.01
2019-05-27T22:00+02:00,6455.12,22667.71,16871.98,43.39
2019-05-27T23:00+02:00,6464.16,21683.48,15724.77,38.64
2019-05-28T00:00+02:00,6537.14,20444.73,14377.54,34.07
2019-05-28T01:00+02:00,6617.84,19933.03,12970.42,33.42
2019-05-28T02:00+02:00,6630.88,19915.64,12070.08,33.14
2019-05-28T03:00+02:00,6633.63,20644.86,11709.2,33.72
2019-05-28T04:00+02:00,6646.73,21718.6,11589.27,34.22
2019-05-28T05:00+02:00,6656.17,22293.21,11826.32,35.32
2019-05-28T06:00+02:00,6675.82,23855.07,12568.38,48.9
2019-05-28T07:00+02:00,6684.23,25297.76,14296.53,57.15
2019-05-28T08:00+02:00,6682.18,26359.21,16306.32,64.59
2019-05-28T09:00+02:00,6680.23,26403.89,18954.4,59.95
2019-05-28T10:00+02:00,6690.33,26186.47,22188.79,51.72
2019-05-28T11:00+02:00,6602.29,26158.14,24889.17,48.4
2019-05-28T12:00+02:00,6678.48,25409.9,26608.94,44.95
2019-05-28T13:00+02:00,6673.37,24755.32,27922.12,45.69
2019-05-28T14:00+02:00,6669.74,23681.66,28856.59,42.95
2019-05-28T15:00+02:00,6649.08,23477.58,29107.8,41.15
2019-05-28T16:00+02:00,6648.11,23279.9,28153.59,40.88
2019-05-28T17:00+02:00,6650.35,23710.04,26631.31,42.94
2019-05-28T18:00+02:00,6651.72,23917.25,24502.59,44.01
2019-05-28T19:00+02:00,6651.46,24199.32,22200.43,43.1
2019-05-28T20:00+02:00,6654.66,24379.74,19341.86,44.12
2019-05-28T21:00+02:00,6649.65,24076.33,17804.04,42.75
2019-05-28T22:00+02:00,6648.72,23493.24,17597.28,38.77
2019-05-28T23:00+02:00,6667.31,22033.67,16923.02,34.07
2019-05-29T00:00+02:00,6691.43,20016.01,16651.93,34.4
2019-05-29T01:00+02:00,6706.04,19236.82,16664.34,33.07
2019-05-29T02:00+02:00,7094.98,18882.25,16802.42,30.57
2019-05-29T03:00+02:00,7385.12,18809.61,16858.87,30.97
2019-05-29T04:00+02:00,7433.05,19278.53,16118,32.05
2019-05-29T05:00+02:00,7442,20363.12,15127.41,33.27
2019-05-29T06:00+02:00,7448.51,23767.26,15198.24,42.87
2019-05-29T07:00+02:00,7437.52,25082.97,16932.87,49
2019-05-29T08:00+02:00,7410.87,25238.39,20455.47,50.87
2019-05-29T09:00+02:00,7399.02,24417.97,24426.49,47.92
2019-05-29T10:00+02:00,7386.96,24474.19,27452.74,46.41
2019-05-29T11:00+02:00,7392.78,24158.66,29788.5,45
2019-05-29T12:00+02:00,7515.44,23955.69,30850,40.89
2019-05-29T13:00+02:00,7513.78,23127.64,31315.96,39.9
2019-05-29T14:00+02:00,6965.12,22728.28,30957.28,39.92
2019-05-29T15:00+02:00,6674.1,22006.44,29345.26,38.29
2019-05-29T16:00+02:00,6677.39,22591.28,26499.91,40.53
2019-05-29T17:00+02:00,6676.77,23045.58,22518.87,45.52
2019-05-29T18:00+02:00,6678.02,23508.9,17932.28,50.27
2019-05-29T19:00+02:00,6684.36,23896.48,14168.33,53.43
2019-05-29T20:00+02:00,6691.65,23861.72,12016.61,53.92
2019-05-29T21:00+02:00,6690.99,24049.16,11992.95,47.76
2019-05-29T22:00+02:00,6686.53,22464.2,13681.16,40.77
2019-05-29T23:00+02:00,6665.36,19596.6,16665.19,34.55
2019-05-30T00:00+02:00,6612.11,16910.97,22301.54,32.1
2019-05-30T01:00+02:00,6595.98,14226.06,24220.66,28.41
2019-05-30T02:00+02:00,6589.27,12643.75,24799.53,22.89
2019-05-30T03:00+02:00,6606.92,12206.63,25224.42,11.44
2019-05-30T04:00+02:00,6616.77,12225.17,25443.47,4.63
2019-05-30T05:00+02:00,6623.08,11481.7,26525.08,5.06
2019-05-30T06:00+02:00,6615.6,11294.91,28932.91,3.83
2019-05-30T07:00+02:00,6609.38,11283.26,32011.46,8.89
2019-05-30T08:00+02:00,6606.53,11225.62,35919.78,10.44
2019-05-30T09:00+02:00,6580.81,11157.43,41413.33,4.5
2019-05-30T10:00+02:00,6529.18,10844.82,46238.43,0.24
2019-05-30T11:00+02:00,6539.39,10721.73,49538.66,2.15
2019-05-30T12:00+02:00,6513.55,11010.84,50672.72,2.23
2019-05-30T13:00+02:00,6508.5,11081.84,49453.43,0.03
2019-05-30T14:00+02:00,6495.03,11215.81,47354.78,0.1
2019-05-30T15:00+02:00,6490.03,11295.4,44425.93,2.24
2019-05-30T16:00+02:00,6537.29,11337.05,40547.5,7.18
2019-05-30T17:00+02:00,6578.23,12731.15,35851.74,25.1
2019-05-30T18:00+02:00,6616.08,15561.42,30709.68,30.14
2019-05-30T19:00+02:00,6626,17365.26,25435.22,35.01
2019-05-30T20:00+02:00,6627.3,17925.2,21271.42,35.84
2019-05-30T21:00+02:00,6622.94,18088.49,19485.03,36.79
2019-05-30T22:00+02:00,6624.84,18003.4,19757.56,40.34
2019-05-30T23:00+02:00,6620.08,17612.75,20868.19,36.69
2019-05-31T00:00+02:00,6620.94,15602.85,22148.46,32.02
2019-05-31T01:00+02:00,6613.11,14750.41,23226.6,29.49
2019-05-31T02:00+02:00,6587.17,13376.63,23819.35,27.08
2019-05-31T03:00+02:00,6578.86,13210.28,22284.37,27.19
2019-05-31T04:00+02:00,6615.99,13839.21,20733.23,27.95
2019-05-31T05:00+02:00,6628.44,14961.97,20008.07,29.07
2019-05-31T06:00+02:00,6639.93,16648.05,19940.02,35
2019-05-31T07:00+02:00,6639.89,17646.25,20787.17,41.05
2019-05-31T08:00+02:00,6543.41,18121.65,23428.46,41.49
2019-05-31T09:00+02:00,6508.17,17717.36,27117,39.78
2019-05-31T10:00+02:00,6520.71,17467.88,31247.26,37
2019-05-31T11:00+02:00,6616.44,17512.68,33860.45,35.63
2019-05-31T12:00+02:00,6906.72,16671.63,35184.58,34.17
2019-05-31T13:00+02:00,7317.02,16791.65,35292.03,30.51
2019-05-31T14:00+02:00,7342.06,16897,33921.76,30
2019-05-31T15:00+02:00,6942.96,16682.58,31767.84,29.14
2019-05-31T16:00+02:00,7015,17276.48,28900.54,29.79
2019-05-31T17:00+02:00,7424.85,17410.89,25409.74,37.67
2019-05-31T18:00+02:00,7436.05,18009.99,21168.7,41.03
2019-05-31T19:00+02:00,7361.44,18259.72,16861.15,46.38
2019-05-31T20:00+02:00,6912.06,18295.31,13685.29,48.23
2019-05-31T21:00+02:00,6929.67,18302.37,12869.63,45.67
2019-05-31T22:00+02:00,7315.61,18240.69,12859.07,43.98
2019-05-31T23:00+02:00,7449.28,17801.06,13381.8,40