Date;Start;End;Total;Residual;Hydro_pumped,
Jan-01, 2022;12:00 AM;1:00 AM;43915.5;12452.25;2539.25
Jan-01, 2022;1:00 AM;2:00 AM;41535.75;11480;2866.25
Jan-01, 2022;2:00 AM;3:00 AM;40480.75;11818.75;3203.75
Jan-01, 2022;3:00 AM;4:00 AM;39564;12183;3708
Jan-01, 2022;4:00 AM;5:00 AM;39338.25;13256.75;3910
Jan-01, 2022;5:00 AM;6:00 AM;38826.5;14800.75;3244.5
Jan-01, 2022;6:00 AM;7:00 AM;38413;14722.75;2701.5
Jan-01, 2022;7:00 AM;8:00 AM;39086.75;16280.25;2245
Jan-01, 2022;8:00 AM;9:00 AM;40305;19239.5;2055.75
Jan-01, 2022;9:00 AM;10:00 AM;42511;20682.25;1635
Jan-01, 2022;10:00 AM;11:00 AM;44382.5;21962;1345
Jan-01, 2022;11:00 AM;12:00 PM;46732.25;23928.5;1520.5
Jan-01, 2022;12:00 PM;1:00 PM;47314.75;24236.5;708.5
Jan-01, 2022;1:00 PM;2:00 PM;46391.75;25149.75;1040.25
Jan-01, 2022;2:00 PM;3:00 PM;45729.25;26907.25;762
Jan-01, 2022;3:00 PM;4:00 PM;45663;29048;475.5
Jan-01, 2022;4:00 PM;5:00 PM;47864;31050.25;100.25
Jan-01, 2022;5:00 PM;6:00 PM;51405;32532.5;9.5
Jan-01, 2022;6:00 PM;7:00 PM;52287.75;31339.5;8
Jan-01, 2022;7:00 PM;8:00 PM;51321.25;28326.75;76
Jan-01, 2022;8:00 PM;9:00 PM;49466;25280;115.75
Jan-01, 2022;9:00 PM;10:00 PM;48009.25;23176;174.25
Jan-01, 2022;10:00 PM;11:00 PM;47437.25;22176.5;515
Jan-01, 2022;11:00 PM;12:00 AM;44832;19104.75;591.5
Jan-02, 2022;12:00 AM;1:00 AM;42674.25;16858.75;3821.75
Jan-02, 2022;1:00 AM;2:00 AM;41513.25;15927.25;4628.25
Jan-02, 2022;2:00 AM;3:00 AM;40795.5;16057;4518
Jan-02, 2022;3:00 AM;4:00 AM;40566.5;15473.5;4315.5
Jan-02, 2022;4:00 AM;5:00 AM;40742.5;16749.75;4509
Jan-02, 2022;5:00 AM;6:00 AM;40775.5;16455.25;4213.25
Jan-02, 2022;6:00 AM;7:00 AM;40405.75;15587.25;2421.25
Jan-02, 2022;7:00 AM;8:00 AM;42254.25;16387.25;1752.5
Jan-02, 2022;8:00 AM;9:00 AM;45418.25;17009.25;1401
Jan-02, 2022;9:00 AM;10:00 AM;48344;17672.25;1131.75
Jan-02, 2022;10:00 AM;11:00 AM;50584;16092.5;899
Jan-02, 2022;11:00 AM;12:00 PM;53645.75;15650;744.25
Jan-02, 2022;12:00 PM;1:00 PM;54538.5;14036.5;873.5
Jan-02, 2022;1:00 PM;2:00 PM;53342.75;12908.25;1526.75
Jan-02, 2022;2:00 PM;3:00 PM;52709;12333.5;1690.75
Jan-02, 2022;3:00 PM;4:00 PM;53245.75;13037.5;2045.5
Jan-02, 2022;4:00 PM;5:00 PM;55536.5;14897.25;1803.25
Jan-02, 2022;5:00 PM;6:00 PM;58611.75;16726.5;850.75
Jan-02, 2022;6:00 PM;7:00 PM;58765.5;16320;394
Jan-02, 2022;7:00 PM;8:00 PM;57348.5;16013.5;977
Jan-02, 2022;8:00 PM;9:00 PM;54782.25;14210.25;1481.5
Jan-02, 2022;9:00 PM;10:00 PM;52456;13593.75;1346.75
Jan-02, 2022;10:00 PM;11:00 PM;50894.75;14458;2137
Jan-02, 2022;11:00 PM;12:00 AM;47862.25;12186.75;2035
Jan-03, 2022;12:00 AM;1:00 AM;45379.75;10537.25;3645.25
Jan-03, 2022;1:00 AM;2:00 AM;43676.75;11150;4641
Jan-03, 2022;2:00 AM;3:00 AM;42606.5;10836;4638.5
Jan-03, 2022;3:00 AM;4:00 AM;43139.25;12233.25;4677
Jan-03, 2022;4:00 AM;5:00 AM;44606.25;12013.25;3615
Jan-03, 2022;5:00 AM;6:00 AM;48399.25;11577.5;1599.25
Jan-03, 2022;6:00 AM;7:00 AM;55425.75;13166.25;1197.75
Jan-03, 2022;7:00 AM;8:00 AM;61601;18095;539.5
Jan-03, 2022;8:00 AM;9:00 AM;65032.75;22386.5;259.25
Jan-03, 2022;9:00 AM;10:00 AM;66440.75;23160.5;67.5
Jan-03, 2022;10:00 AM;11:00 AM;67857;22828.5;106.75
Jan-03, 2022;11:00 AM;12:00 PM;69433.5;22446.75;487.25
Jan-03, 2022;12:00 PM;1:00 PM;70097.25;23104.75;749.25
Jan-03, 2022;1:00 PM;2:00 PM;69303;23996;680.5
Jan-03, 2022;2:00 PM;3:00 PM;68287.5;25377.5;696.25
Jan-03, 2022;3:00 PM;4:00 PM;67281;27626.25;105.5
Jan-03, 2022;4:00 PM;5:00 PM;67884.75;29576;252
Jan-03, 2022;5:00 PM;6:00 PM;70147.75;32423;209
Jan-03, 2022;6:00 PM;7:00 PM;69958.25;32272.5;8.25
Jan-03, 2022;7:00 PM;8:00 PM;68037.5;31780.25;31
Jan-03, 2022;8:00 PM;9:00 PM;64029.75;30049;267.25
Jan-03, 2022;9:00 PM;10:00 PM;60208.5;27837.5;1720.5
Jan-03, 2022;10:00 PM;11:00 PM;57344;27054.25;2553
Jan-03, 2022;11:00 PM;12:00 AM;53664.5;25406.25;2374.25
Jan-04, 2022;12:00 AM;1:00 AM;50704.25;24073.5;4076.5
Jan-04, 2022;1:00 AM;2:00 AM;48451;23408.25;4969.5
Jan-04, 2022;2:00 AM;3:00 AM;47652.75;24809;4603
Jan-04, 2022;3:00 AM;4:00 AM;48125;27032.75;4138.25
Jan-04, 2022;4:00 AM;5:00 AM;49285.5;30434.25;3440.25
Jan-04, 2022;5:00 AM;6:00 AM;52020.25;34365.25;2606.25
Jan-04, 2022;6:00 AM;7:00 AM;57654.5;40452.75;962.5
Jan-04, 2022;7:00 AM;8:00 AM;62532.25;45966;442
Jan-04, 2022;8:00 AM;9:00 AM;65949;50110.5;119.5
Jan-04, 2022;9:00 AM;10:00 AM;67254.5;52091;1.5
Jan-04, 2022;10:00 AM;11:00 AM;67964;51438.25;1
Jan-04, 2022;11:00 AM;12:00 PM;69348;51868;4
Jan-04, 2022;12:00 PM;1:00 PM;69597;50551.5;5.5
Jan-04, 2022;1:00 PM;2:00 PM;68648.25;48426.5;371.25
Jan-04, 2022;2:00 PM;3:00 PM;67950;48013.75;369.75
Jan-04, 2022;3:00 PM;4:00 PM;67794.75;47489;331
Jan-04, 2022;4:00 PM;5:00 PM;68510;47804.25;48.75
Jan-04, 2022;5:00 PM;6:00 PM;69951.25;48430.75;15.5
Jan-04, 2022;6:00 PM;7:00 PM;69679.5;48134.25;4
Jan-04, 2022;7:00 PM;8:00 PM;68272.25;46147.75;58.25
Jan-04, 2022;8:00 PM;9:00 PM;64518.75;42165.75;7.25
Jan-04, 2022;9:00 PM;10:00 PM;61368;39237.75;248.5
Jan-04, 2022;10:00 PM;11:00 PM;58357.25;36320.25;779.25
Jan-04, 2022;11:00 PM;12:00 AM;54923;32333;2260.25
Jan-05, 2022;12:00 AM;1:00 AM;52419.25;28923.5;3229.5
Jan-05, 2022;1:00 AM;2:00 AM;50542.5;25450.5;5065.5
Jan-05, 2022;2:00 AM;3:00 AM;49658.25;22284.25;5646.75
Jan-05, 2022;3:00 AM;4:00 AM;50656;21059.25;5408.5
Jan-05, 2022;4:00 AM;5:00 AM;52242.75;21266;4832.75
Jan-05, 2022;5:00 AM;6:00 AM;55517.75;22665;4089.75
Jan-05, 2022;6:00 AM;7:00 AM;61375.25;26151.25;1328
Jan-05, 2022;7:00 AM;8:00 AM;66916.5;29992.75;709.75
Jan-05, 2022;8:00 AM;9:00 AM;70207.25;31770.5;517.5
Jan-05, 2022;9:00 AM;10:00 AM;71655.5;31010.25;227
Jan-05, 2022;10:00 AM;11:00 AM;72759;28583.25;1286.5
Jan-05, 2022;11:00 AM;12:00 PM;74354.25;27346.5;1520.5
Jan-05, 2022;12:00 PM;1:00 PM;74178.5;25496;2359.5
Jan-05, 2022;1:00 PM;2:00 PM;73454.5;25007;1645.5
Jan-05, 2022;2:00 PM;3:00 PM;71986;25781.25;742.5
Jan-05, 2022;3:00 PM;4:00 PM;71186.75;28074;241.75
Jan-05, 2022;4:00 PM;5:00 PM;71700.5;31306;224.25
Jan-05, 2022;5:00 PM;6:00 PM;73590;35096.25;242.75
Jan-05, 2022;6:00 PM;7:00 PM;73282.75;35266;226.75
Jan-05, 2022;7:00 PM;8:00 PM;71410.25;34178;906
Jan-05, 2022;8:00 PM;9:00 PM;67411.25;31803.75;1404
Jan-05, 2022;9:00 PM;10:00 PM;64088.75;30413.5;2655.75
Jan-05, 2022;10:00 PM;11:00 PM;60924.25;28881.5;3144
Jan-05, 2022;11:00 PM;12:00 AM;57453.25;26588.75;3072.25
Jan-06, 2022;12:00 AM;1:00 AM;54833.75;25414;4147.25
Jan-06, 2022;1:00 AM;2:00 AM;53614;26216.5;3775.5
Jan-06, 2022;2:00 AM;3:00 AM;52554.5;26746.75;3814.5
Jan-06, 2022;3:00 AM;4:00 AM;52058.5;28571.25;3659.75
Jan-06, 2022;4:00 AM;5:00 AM;52598.25;31034.5;2744
Jan-06, 2022;5:00 AM;6:00 AM;54319.75;34781.5;1716.75
Jan-06, 2022;6:00 AM;7:00 AM;57928.75;40937;647.75
Jan-06, 2022;7:00 AM;8:00 AM;62216;48066.5;131.25
Jan-06, 2022;8:00 AM;9:00 AM;64253.25;52023.25;82.5
Jan-06, 2022;9:00 AM;10:00 AM;65343.75;52714;5.5
Jan-06, 2022;10:00 AM;11:00 AM;65848.75;51336.5;7.5
Jan-06, 2022;11:00 AM;12:00 PM;66439.5;50114;188.75
Jan-06, 2022;12:00 PM;1:00 PM;65782.5;48898.5;191
Jan-06, 2022;1:00 PM;2:00 PM;64468.5;48604.5;419.75
Jan-06, 2022;2:00 PM;3:00 PM;63007.25;50643.5;220.75
Jan-06, 2022;3:00 PM;4:00 PM;62445.75;54011.25;183
Jan-06, 2022;4:00 PM;5:00 PM;63619.75;55505.5;58.25
Jan-06, 2022;5:00 PM;6:00 PM;67355.5;55455.5;42.5
Jan-06, 2022;6:00 PM;7:00 PM;67949;52699.25;233
Jan-06, 2022;7:00 PM;8:00 PM;67029.25;48425.75;890.75
Jan-06, 2022;8:00 PM;9:00 PM;64571.5;43179;1420.5
Jan-06, 2022;9:00 PM;10:00 PM;61741;38922.75;973.75
Jan-06, 2022;10:00 PM;11:00 PM;59937.5;36719.75;2196
Jan-06, 2022;11:00 PM;12:00 AM;57181.25;33027.75;3740
Jan-07, 2022;12:00 AM;1:00 AM;53909.75;28813.5;4380.5
Jan-07, 2022;1:00 AM;2:00 AM;52328.75;26300;5286.5
Jan-07, 2022;2:00 AM;3:00 AM;51416;23998.75;5154.25
Jan-07, 2022;3:00 AM;4:00 AM;51584.75;22964.25;5248.25
Jan-07, 2022;4:00 AM;5:00 AM;53278.5;24016.75;4978.25
Jan-07, 2022;5:00 AM;6:00 AM;56068.75;26013;3930.25
Jan-07, 2022;6:00 AM;7:00 AM;61436.75;29227.25;2585.5
Jan-07, 2022;7:00 AM;8:00 AM;66663.75;33227.5;1571.5
Jan-07, 2022;8:00 AM;9:00 AM;69763;35828.25;1151
Jan-07, 2022;9:00 AM;10:00 AM;71572.75;37235.25;395.5
Jan-07, 2022;10:00 AM;11:00 AM;72305;37436;915.25
Jan-07, 2022;11:00 AM;12:00 PM;73103.25;37834.5;885.25
Jan-07, 2022;12:00 PM;1:00 PM;73275.5;39216.25;287.75
Jan-07, 2022;1:00 PM;2:00 PM;71417.25;39205;305.25
Jan-07, 2022;2:00 PM;3:00 PM;70507.25;41261.75;631.25
Jan-07, 2022;3:00 PM;4:00 PM;69881;43341.25;122.25
Jan-07, 2022;4:00 PM;5:00 PM;70102.25;44977.25;428
Jan-07, 2022;5:00 PM;6:00 PM;71542.75;46675.25;15.5
Jan-07, 2022;6:00 PM;7:00 PM;70474.25;46954.25;1
Jan-07, 2022;7:00 PM;8:00 PM;68051.75;45237.5;1.25
Jan-07, 2022;8:00 PM;9:00 PM;64440;42238.5;141.5
Jan-07, 2022;9:00 PM;10:00 PM;61454.25;39972;326.25
Jan-07, 2022;10:00 PM;11:00 PM;59034.25;38745;877.75
Jan-07, 2022;11:00 PM;12:00 AM;55817.75;36910.75;1372.25
Jan-08, 2022;12:00 AM;1:00 AM;52694.75;34189;2059.5
Jan-08, 2022;1:00 AM;2:00 AM;50532.5;32715;2594.5
Jan-08, 2022;2:00 AM;3:00 AM;49608.25;32240.75;3430
Jan-08, 2022;3:00 AM;4:00 AM;49543.25;32387;3131.5
Jan-08, 2022;4:00 AM;5:00 AM;49077.25;33028;2009.75
Jan-08, 2022;5:00 AM;6:00 AM;49137.75;32616.75;2091.25
Jan-08, 2022;6:00 AM;7:00 AM;50276;33441;1952
Jan-08, 2022;7:00 AM;8:00 AM;52476.25;35560.25;498
Jan-08, 2022;8:00 AM;9:00 AM;55578.25;37255.75;325.75
Jan-08, 2022;9:00 AM;10:00 AM;59370.75;39736.25;171.5
Jan-08, 2022;10:00 AM;11:00 AM;61154;39963.75;16.75
Jan-08, 2022;11:00 AM;12:00 PM;62648.75;39045.75;197
Jan-08, 2022;12:00 PM;1:00 PM;62918.5;37074.25;331.75
Jan-08, 2022;1:00 PM;2:00 PM;62020.5;34324;545.5
Jan-08, 2022;2:00 PM;3:00 PM;61182;33137;803.75
Jan-08, 2022;3:00 PM;4:00 PM;61419;34031.5;533.75
Jan-08, 2022;4:00 PM;5:00 PM;63084.5;34222.25;325.75
Jan-08, 2022;5:00 PM;6:00 PM;66666;35154.5;87
Jan-08, 2022;6:00 PM;7:00 PM;66967;33064.75;205.5
Jan-08, 2022;7:00 PM;8:00 PM;64981;29338.25;557
Jan-08, 2022;8:00 PM;9:00 PM;61911.25;25032.75;1333.5
Jan-08, 2022;9:00 PM;10:00 PM;59155;21506.75;1750
Jan-08, 2022;10:00 PM;11:00 PM;57822;20761;2488.75
Jan-08, 2022;11:00 PM;12:00 AM;55061.25;18394.25;4579.25
Jan-09, 2022;12:00 AM;1:00 AM;51984.25;16124.25;4627.25
Jan-09, 2022;1:00 AM;2:00 AM;49889;15481.5;5321.25
Jan-09, 2022;2:00 AM;3:00 AM;48590.75;16380.75;4328.5
Jan-09, 2022;3:00 AM;4:00 AM;47826.5;16727;4888.5
Jan-09, 2022;4:00 AM;5:00 AM;48144.5;18213.5;5526
Jan-09, 2022;5:00 AM;6:00 AM;47801.5;18878.25;4879.25
Jan-09, 2022;6:00 AM;7:00 AM;47680.5;17608.5;4425
Jan-09, 2022;7:00 AM;8:00 AM;49479.25;19336.75;3978.75
Jan-09, 2022;8:00 AM;9:00 AM;52242.25;22444.25;2137.25
Jan-09, 2022;9:00 AM;10:00 AM;56120.25;26605;1333.75
Jan-09, 2022;10:00 AM;11:00 AM;58455.75;28936.75;762.25
Jan-09, 2022;11:00 AM;12:00 PM;60533;30736.75;377
Jan-09, 2022;12:00 PM;1:00 PM;60358.5;31958.25;60.75
Jan-09, 2022;1:00 PM;2:00 PM;58506.25;32059;110.25
Jan-09, 2022;2:00 PM;3:00 PM;57021.25;33710.75;84.75
Jan-09, 2022;3:00 PM;4:00 PM;56408.75;36254.5;195.75
Jan-09, 2022;4:00 PM;5:00 PM;58000;39941;405.5
Jan-09, 2022;5:00 PM;6:00 PM;61318;44752.5;55.5
Jan-09, 2022;6:00 PM;7:00 PM;61867;46600;22.75
Jan-09, 2022;7:00 PM;8:00 PM;60102.75;45779.5;74.5
Jan-09, 2022;8:00 PM;9:00 PM;57554;44086.75;321.25
Jan-09, 2022;9:00 PM;10:00 PM;55441.25;43140.25;125.5
Jan-09, 2022;10:00 PM;11:00 PM;54540.25;43623.5;538.25
Jan-09, 2022;11:00 PM;12:00 AM;51787.5;41999.25;1439.75
Jan-10, 2022;12:00 AM;1:00 AM;49782.25;41451.75;3411.5
Jan-10, 2022;1:00 AM;2:00 AM;48278.75;41175.5;3839.5
Jan-10, 2022;2:00 AM;3:00 AM;47959.75;41936.25;4194.75
Jan-10, 2022;3:00 AM;4:00 AM;48173.25;43160.75;3623.25
Jan-10, 2022;4:00 AM;5:00 AM;49626.5;45312.25;3264.75
Jan-10, 2022;5:00 AM;6:00 AM;53471.25;49592.75;2551
Jan-10, 2022;6:00 AM;7:00 AM;61339.25;57903.5;574.25
Jan-10, 2022;7:00 AM;8:00 AM;67832.5;64577;54.75
Jan-10, 2022;8:00 AM;9:00 AM;71346;68087;10
Jan-10, 2022;9:00 AM;10:00 AM;71605.75;67340.75;10
Jan-10, 2022;10:00 AM;11:00 AM;71847.5;65941.5;56.25
Jan-10, 2022;11:00 AM;12:00 PM;72357;65253.25;6.5
Jan-10, 2022;12:00 PM;1:00 PM;72463;65053.5;18
Jan-10, 2022;1:00 PM;2:00 PM;71642.25;64793;83
Jan-10, 2022;2:00 PM;3:00 PM;70488.75;65238;87.25
Jan-10, 2022;3:00 PM;4:00 PM;70056;66813.75;92
Jan-10, 2022;4:00 PM;5:00 PM;70368.25;68309.75;115.25
Jan-10, 2022;5:00 PM;6:00 PM;73064;70869.25;22.25
Jan-10, 2022;6:00 PM;7:00 PM;72763;70108.5;6.75
Jan-10, 2022;7:00 PM;8:00 PM;71159;68058.5;85
Jan-10, 2022;8:00 PM;9:00 PM;67146.75;63934.25;181
Jan-10, 2022;9:00 PM;10:00 PM;63492.25;60208.75;564.25
Jan-10, 2022;10:00 PM;11:00 PM;60544.25;57194.5;1493.5
Jan-10, 2022;11:00 PM;12:00 AM;57059.75;53458.25;2788.5
Jan-11, 2022;12:00 AM;1:00 AM;55269.5;51138.25;5546.25
Jan-11, 2022;1:00 AM;2:00 AM;53686.25;49355.75;5708.75
Jan-11, 2022;2:00 AM;3:00 AM;53278.5;49009.75;5837.5
Jan-11, 2022;3:00 AM;4:00 AM;53324.25;48799.5;5501
Jan-11, 2022;4:00 AM;5:00 AM;54555.5;49584.75;5496
Jan-11, 2022;5:00 AM;6:00 AM;57543.25;51868.75;4770.75
Jan-11, 2022;6:00 AM;7:00 AM;63878.75;57413.75;1095
Jan-11, 2022;7:00 AM;8:00 AM;69697;62299.25;66.5
Jan-11, 2022;8:00 AM;9:00 AM;72194.75;63618;4.75
Jan-11, 2022;9:00 AM;10:00 AM;72401.25;62018.5;6.5
Jan-11, 2022;10:00 AM;11:00 AM;72832.25;59135.75;129.5
Jan-11, 2022;11:00 AM;12:00 PM;73795.75;57183.5;827
Jan-11, 2022;12:00 PM;1:00 PM;73435;56019;642.25
Jan-11, 2022;1:00 PM;2:00 PM;71949.5;56229.75;288.5
Jan-11, 2022;2:00 PM;3:00 PM;70745.25;57462.75;280.5
Jan-11, 2022;3:00 PM;4:00 PM;70382.25;60084.25;8.75
Jan-11, 2022;4:00 PM;5:00 PM;70827.75;62036.25;8.25
Jan-11, 2022;5:00 PM;6:00 PM;73484.75;64604;4.5
Jan-11, 2022;6:00 PM;7:00 PM;73217.5;64464.75;1.5
Jan-11, 2022;7:00 PM;8:00 PM;71552;62880.25;11.5
Jan-11, 2022;8:00 PM;9:00 PM;67730;59210.5;288.25
Jan-11, 2022;9:00 PM;10:00 PM;64208.75;56527.75;1297
Jan-11, 2022;10:00 PM;11:00 PM;61323.25;54508.25;2322.5
Jan-11, 2022;11:00 PM;12:00 AM;57715.25;51291.75;1779.75
Jan-12, 2022;12:00 AM;1:00 AM;55035.25;48889.75;3217
Jan-12, 2022;1:00 AM;2:00 AM;53666;47987;4765
Jan-12, 2022;2:00 AM;3:00 AM;52907.5;47333.25;5525.5
Jan-12, 2022;3:00 AM;4:00 AM;53255;47938;5590.25
Jan-12, 2022;4:00 AM;5:00 AM;54518;49534.25;5243.5
Jan-12, 2022;5:00 AM;6:00 AM;56906.25;52132.25;2465.75
Jan-12, 2022;6:00 AM;7:00 AM;63649;59132.5;531
Jan-12, 2022;7:00 AM;8:00 AM;69713.5;65356.25;56.75
Jan-12, 2022;8:00 AM;9:00 AM;72176;67596.5;3.5
Jan-12, 2022;9:00 AM;10:00 AM;72622.5;65941;4.5
Jan-12, 2022;10:00 AM;11:00 AM;73158.5;63653;4.25
Jan-12, 2022;11:00 AM;12:00 PM;73302.25;60973.5;81.25
Jan-12, 2022;12:00 PM;1:00 PM;73043;58765;379.5
Jan-12, 2022;1:00 PM;2:00 PM;72313.75;58052;472.75
Jan-12, 2022;2:00 PM;3:00 PM;71302.25;58611.5;397
Jan-12, 2022;3:00 PM;4:00 PM;71098.5;60398.75;30.75
Jan-12, 2022;4:00 PM;5:00 PM;71532.75;61307.25;11.75
Jan-12, 2022;5:00 PM;6:00 PM;74485.75;63344.5;7.75
Jan-12, 2022;6:00 PM;7:00 PM;74049.75;62223.75;137.25
Jan-12, 2022;7:00 PM;8:00 PM;72616;59782.75;141.75
Jan-12, 2022;8:00 PM;9:00 PM;69112.25;54725.25;843.25
Jan-12, 2022;9:00 PM;10:00 PM;65693;50182.25;719.25
Jan-12, 2022;10:00 PM;11:00 PM;62632.5;46996.5;1633.75
Jan-12, 2022;11:00 PM;12:00 AM;59282.25;42995;2137.25
Jan-13, 2022;12:00 AM;1:00 AM;56798;39393.25;2889
Jan-13, 2022;1:00 AM;2:00 AM;55241.5;36438.75;4198.25
Jan-13, 2022;2:00 AM;3:00 AM;54770.25;34696.5;5481.25
Jan-13, 2022;3:00 AM;4:00 AM;55536;34589.25;5185
Jan-13, 2022;4:00 AM;5:00 AM;56307.75;34813;4518.5
Jan-13, 2022;5:00 AM;6:00 AM;59457.25;37373.25;1608.75
Jan-13, 2022;6:00 AM;7:00 AM;66670.5;43911.5;445
Jan-13, 2022;7:00 AM;8:00 AM;72660.75;49985.25;129
Jan-13, 2022;8:00 AM;9:00 AM;75287.25;52892;0
Jan-13, 2022;9:00 AM;10:00 AM;75507.75;51709.5;1.75
Jan-13, 2022;10:00 AM;11:00 AM;75511.25;48835.5;121.25
Jan-13, 2022;11:00 AM;12:00 PM;75788;46221.25;398.5
Jan-13, 2022;12:00 PM;1:00 PM;75669;44415.25;274.5
Jan-13, 2022;1:00 PM;2:00 PM;74472.5;43328.25;425.25
Jan-13, 2022;2:00 PM;3:00 PM;73629.75;44240.25;1251.75
Jan-13, 2022;3:00 PM;4:00 PM;73177.75;46681.25;703
Jan-13, 2022;4:00 PM;5:00 PM;72974;48898.75;266.5
Jan-13, 2022;5:00 PM;6:00 PM;75663.25;51961.25;72.25
Jan-13, 2022;6:00 PM;7:00 PM;75750.5;51810;92.5
Jan-13, 2022;7:00 PM;8:00 PM;74070;49737.25;221.25
Jan-13, 2022;8:00 PM;9:00 PM;70298.25;45254.75;294.25
Jan-13, 2022;9:00 PM;10:00 PM;66696.25;41599.25;1875.25
Jan-13, 2022;10:00 PM;11:00 PM;64026.25;38653.25;2274
Jan-13, 2022;11:00 PM;12:00 AM;60648.75;34335.5;3529
Jan-14, 2022;12:00 AM;1:00 AM;58062;31657;5321.25
Jan-14, 2022;1:00 AM;2:00 AM;55896.25;29765;5733.5
Jan-14, 2022;2:00 AM;3:00 AM;55335.25;29419.25;5661.25
Jan-14, 2022;3:00 AM;4:00 AM;55832.5;29885.25;5555
Jan-14, 2022;4:00 AM;5:00 AM;57240.5;31231.75;5330.25
Jan-14, 2022;5:00 AM;6:00 AM;60118.75;33880.25;3471.5
Jan-14, 2022;6:00 AM;7:00 AM;66898.5;40380.5;861.5
Jan-14, 2022;7:00 AM;8:00 AM;72500.75;46686.75;200.75
Jan-14, 2022;8:00 AM;9:00 AM;75349.5;49430.5;64.25
Jan-14, 2022;9:00 AM;10:00 AM;75355;47948.75;16
Jan-14, 2022;10:00 AM;11:00 AM;75110.75;45850.5;70
Jan-14, 2022;11:00 AM;12:00 PM;75111.75;44944;446.75
Jan-14, 2022;12:00 PM;1:00 PM;74611.5;44817.5;112
Jan-14, 2022;1:00 PM;2:00 PM;72878.75;44704.25;225
Jan-14, 2022;2:00 PM;3:00 PM;71107.75;45755.25;218
Jan-14, 2022;3:00 PM;4:00 PM;70405.5;50012;16.75
Jan-14, 2022;4:00 PM;5:00 PM;71011.25;54378;108
Jan-14, 2022;5:00 PM;6:00 PM;73112.25;58148.25;203
Jan-14, 2022;6:00 PM;7:00 PM;72535.25;59970;8.25
Jan-14, 2022;7:00 PM;8:00 PM;70386.75;59905;6
Jan-14, 2022;8:00 PM;9:00 PM;66278.25;57319;263
Jan-14, 2022;9:00 PM;10:00 PM;62411.25;55083.5;453.75
Jan-14, 2022;10:00 PM;11:00 PM;59249.5;53274.25;448.25
Jan-14, 2022;11:00 PM;12:00 AM;56237.75;50891.75;1256.75
Jan-15, 2022;12:00 AM;1:00 AM;53740.25;48334;1253.25
Jan-15, 2022;1:00 AM;2:00 AM;52077.25;46734;1849.25
Jan-15, 2022;2:00 AM;3:00 AM;51138;45927.75;2949.25
Jan-15, 2022;3:00 AM;4:00 AM;50046;45200;2974.25
Jan-15, 2022;4:00 AM;5:00 AM;50220.25;45830.5;2701.25
Jan-15, 2022;5:00 AM;6:00 AM;49944;45747.25;1631
Jan-15, 2022;6:00 AM;7:00 AM;50275.25;46267.25;605
Jan-15, 2022;7:00 AM;8:00 AM;53121;49554.5;542.5
Jan-15, 2022;8:00 AM;9:00 AM;56433;52961.25;248
Jan-15, 2022;9:00 AM;10:00 AM;59359;54604.25;32
Jan-15, 2022;10:00 AM;11:00 AM;61009.75;53999.25;103
Jan-15, 2022;11:00 AM;12:00 PM;61965.25;53364.25;147.25
Jan-15, 2022;12:00 PM;1:00 PM;61609.5;52809.25;62.25
Jan-15, 2022;1:00 PM;2:00 PM;60031.25;51981;13.25
Jan-15, 2022;2:00 PM;3:00 PM;58675.75;52431.5;68
Jan-15, 2022;3:00 PM;4:00 PM;58293.75;54195.75;162
Jan-15, 2022;4:00 PM;5:00 PM;59615.75;56914.5;310.25
Jan-15, 2022;5:00 PM;6:00 PM;62547.75;59926;12.25
Jan-15, 2022;6:00 PM;7:00 PM;63134.75;60068.25;2
Jan-15, 2022;7:00 PM;8:00 PM;61054;57046;6
Jan-15, 2022;8:00 PM;9:00 PM;57637;52737.5;177.5
Jan-15, 2022;9:00 PM;10:00 PM;55613;49560;344
Jan-15, 2022;10:00 PM;11:00 PM;54422.25;47677;439
Jan-15, 2022;11:00 PM;12:00 AM;51614.75;44705;322.5
Jan-16, 2022;12:00 AM;1:00 AM;48897.5;41638.25;183
Jan-16, 2022;1:00 AM;2:00 AM;47274.25;39363.25;227
Jan-16, 2022;2:00 AM;3:00 AM;46394.25;37380.75;481
Jan-16, 2022;3:00 AM;4:00 AM;45933.25;35562.75;535
Jan-16, 2022;4:00 AM;5:00 AM;46417.75;34509.75;687
Jan-16, 2022;5:00 AM;6:00 AM;46481.25;33532;812.5
Jan-16, 2022;6:00 AM;7:00 AM;47402.25;33726.75;1115.5
Jan-16, 2022;7:00 AM;8:00 AM;49513.5;34225.25;881
Jan-16, 2022;8:00 AM;9:00 AM;52572;33944;359
Jan-16, 2022;9:00 AM;10:00 AM;56730.25;34949.75;255.25
Jan-16, 2022;10:00 AM;11:00 AM;59405.25;34736.75;79
Jan-16, 2022;11:00 AM;12:00 PM;62005;34761;91.25
Jan-16, 2022;12:00 PM;1:00 PM;62932.5;32365.75;1534
Jan-16, 2022;1:00 PM;2:00 PM;62032;31341;1984.5
Jan-16, 2022;2:00 PM;3:00 PM;61107;30835.75;1710.75
Jan-16, 2022;3:00 PM;4:00 PM;60455.75;31343.25;1766.75
Jan-16, 2022;4:00 PM;5:00 PM;61493.5;32837.75;806
Jan-16, 2022;5:00 PM;6:00 PM;64944.5;35332.25;534.75
Jan-16, 2022;6:00 PM;7:00 PM;65604.75;34947;1125.25
Jan-16, 2022;7:00 PM;8:00 PM;64118.5;33441.5;1679.75
Jan-16, 2022;8:00 PM;9:00 PM;60044.75;30133;2385.75
Jan-16, 2022;9:00 PM;10:00 PM;58796;27648;3718.75
Jan-16, 2022;10:00 PM;11:00 PM;58221.5;27112.5;3540.75
Jan-16, 2022;11:00 PM;12:00 AM;55459.25;23502;4505.5
Jan-17, 2022;12:00 AM;1:00 AM;53404.5;20677.5;5071.25
Jan-17, 2022;1:00 AM;2:00 AM;52038;18330.25;5737
Jan-17, 2022;2:00 AM;3:00 AM;51564;17162;5921.75
Jan-17, 2022;3:00 AM;4:00 AM;52017;16609.5;5720.75
Jan-17, 2022;4:00 AM;5:00 AM;53521;17516.25;5907.75
Jan-17, 2022;5:00 AM;6:00 AM;57082.5;21336.75;4535.5
Jan-17, 2022;6:00 AM;7:00 AM;64898.25;28131.25;1876.25
Jan-17, 2022;7:00 AM;8:00 AM;71610.5;34289.25;149
Jan-17, 2022;8:00 AM;9:00 AM;75222.75;37921.25;15.5
Jan-17, 2022;9:00 AM;10:00 AM;76405.5;37797;107.75
Jan-17, 2022;10:00 AM;11:00 AM;77430.75;37261.25;84.75
Jan-17, 2022;11:00 AM;12:00 PM;77417.25;36186.5;147.5
Jan-17, 2022;12:00 PM;1:00 PM;77273;35824.25;391.75
Jan-17, 2022;1:00 PM;2:00 PM;76390;36097;427.5
Jan-17, 2022;2:00 PM;3:00 PM;75207;36918.25;542.5
Jan-17, 2022;3:00 PM;4:00 PM;74538.75;39781;310.25
Jan-17, 2022;4:00 PM;5:00 PM;73723.25;41965;319
Jan-17, 2022;5:00 PM;6:00 PM;76206;46348.75;466
Jan-17, 2022;6:00 PM;7:00 PM;76009;48649.5;835.25
Jan-17, 2022;7:00 PM;8:00 PM;74238;49871.75;828.5
Jan-17, 2022;8:00 PM;9:00 PM;69901.5;48241;1174.25
Jan-17, 2022;9:00 PM;10:00 PM;65601;46114;1448.5
Jan-17, 2022;10:00 PM;11:00 PM;62270;44919;2053.25
Jan-17, 2022;11:00 PM;12:00 AM;58426.25;41971.75;3116.25
Jan-18, 2022;12:00 AM;1:00 AM;55587.75;39860.25;3079
Jan-18, 2022;1:00 AM;2:00 AM;54085;39207.25;4467.25
Jan-18, 2022;2:00 AM;3:00 AM;52513.75;39014.75;2869
Jan-18, 2022;3:00 AM;4:00 AM;52523.75;40154.25;3050.75
Jan-18, 2022;4:00 AM;5:00 AM;54146.75;42399.25;2986.5
Jan-18, 2022;5:00 AM;6:00 AM;56982.5;46096;2013.25
Jan-18, 2022;6:00 AM;7:00 AM;64063.5;55193.5;733.25
Jan-18, 2022;7:00 AM;8:00 AM;69876.25;62935.25;195.75
Jan-18, 2022;8:00 AM;9:00 AM;71582.5;65936.25;10.25
Jan-18, 2022;9:00 AM;10:00 AM;71643;65083.75;6.25
Jan-18, 2022;10:00 AM;11:00 AM;72109;63243.75;137.25
Jan-18, 2022;11:00 AM;12:00 PM;72294.25;60718.25;248.25
Jan-18, 2022;12:00 PM;1:00 PM;72576.25;59763;357.75
Jan-18, 2022;1:00 PM;2:00 PM;72159.75;59850.25;397
Jan-18, 2022;2:00 PM;3:00 PM;71201.75;60225;193.75
Jan-18, 2022;3:00 PM;4:00 PM;70675.5;61277.75;14
Jan-18, 2022;4:00 PM;5:00 PM;70632.75;62835.25;13.5
Jan-18, 2022;5:00 PM;6:00 PM;73344.5;65054.75;2.5
Jan-18, 2022;6:00 PM;7:00 PM;73253;64390.25;5.75
Jan-18, 2022;7:00 PM;8:00 PM;71255.25;61369.5;47.75
Jan-18, 2022;8:00 PM;9:00 PM;67734;56860;151.5
Jan-18, 2022;9:00 PM;10:00 PM;64852.5;51813.75;524.75
Jan-18, 2022;10:00 PM;11:00 PM;62531.25;48055.5;691
Jan-18, 2022;11:00 PM;12:00 AM;58942.5;43681.5;1587.75
Jan-19, 2022;12:00 AM;1:00 AM;56152.5;40172.75;3293.75
Jan-19, 2022;1:00 AM;2:00 AM;55550.25;38870.25;4927.5
Jan-19, 2022;2:00 AM;3:00 AM;54494.75;37659.5;4516.25
Jan-19, 2022;3:00 AM;4:00 AM;54603;37923.75;3799.25
Jan-19, 2022;4:00 AM;5:00 AM;55509.25;39021;2470
Jan-19, 2022;5:00 AM;6:00 AM;59003;41454.75;2395.75
Jan-19, 2022;6:00 AM;7:00 AM;65861.75;48050;751.5
Jan-19, 2022;7:00 AM;8:00 AM;71916.75;52191.75;381.25
Jan-19, 2022;8:00 AM;9:00 AM;74451;53042;16
Jan-19, 2022;9:00 AM;10:00 AM;75362.5;49669.5;451.25
Jan-19, 2022;10:00 AM;11:00 AM;75483.25;46702.5;53.75
Jan-19, 2022;11:00 AM;12:00 PM;75729.75;43731.5;281.5
Jan-19, 2022;12:00 PM;1:00 PM;76242.25;41692.75;624.25
Jan-19, 2022;1:00 PM;2:00 PM;75860.75;40939;155.5
Jan-19, 2022;2:00 PM;3:00 PM;74975.5;39797.5;165.5
Jan-19, 2022;3:00 PM;4:00 PM;74729.25;40186.5;85.5
Jan-19, 2022;4:00 PM;5:00 PM;75082;40687.25;14.5
Jan-19, 2022;5:00 PM;6:00 PM;77775.75;41482;66.75
Jan-19, 2022;6:00 PM;7:00 PM;77388.25;39438.75;445.25
Jan-19, 2022;7:00 PM;8:00 PM;75567;36624.75;1189
Jan-19, 2022;8:00 PM;9:00 PM;71730.5;30900.75;2992
Jan-19, 2022;9:00 PM;10:00 PM;67735.25;26741.75;3728.5
Jan-19, 2022;10:00 PM;11:00 PM;65070;26305.5;3229.75
Jan-19, 2022;11:00 PM;12:00 AM;61352.75;23338.75;4174.75
Jan-20, 2022;12:00 AM;1:00 AM;58389.25;20742;3522
Jan-20, 2022;1:00 AM;2:00 AM;56768.75;19218.25;5106.25
Jan-20, 2022;2:00 AM;3:00 AM;55854.75;19075.5;5097.25
Jan-20, 2022;3:00 AM;4:00 AM;55976.25;18904.25;5460.75
Jan-20, 2022;4:00 AM;5:00 AM;57660.25;19648.5;5493
Jan-20, 2022;5:00 AM;6:00 AM;60351.75;21978;3874
Jan-20, 2022;6:00 AM;7:00 AM;67304.25;28264.5;1142
Jan-20, 2022;7:00 AM;8:00 AM;73428;35283.75;223.25
Jan-20, 2022;8:00 AM;9:00 AM;76324.25;39060.25;95.75
Jan-20, 2022;9:00 AM;10:00 AM;77245.25;39273.5;211
Jan-20, 2022;10:00 AM;11:00 AM;77368.75;37083;350
Jan-20, 2022;11:00 AM;12:00 PM;77727.25;34655.5;730.75
Jan-20, 2022;12:00 PM;1:00 PM;77025.25;32358;1159.75
Jan-20, 2022;1:00 PM;2:00 PM;75433.75;32159.5;671.75
Jan-20, 2022;2:00 PM;3:00 PM;75530.75;34713.5;606.5
Jan-20, 2022;3:00 PM;4:00 PM;74954;37980.5;217.75
Jan-20, 2022;4:00 PM;5:00 PM;74759;40182.5;102.75
Jan-20, 2022;5:00 PM;6:00 PM;77259.25;44206.75;15.25
Jan-20, 2022;6:00 PM;7:00 PM;77351.75;43818;109.25
Jan-20, 2022;7:00 PM;8:00 PM;76376.75;42683.5;601.75
Jan-20, 2022;8:00 PM;9:00 PM;72198.25;38858.5;1238.75
Jan-20, 2022;9:00 PM;10:00 PM;68222.5;36843;1089.25
Jan-20, 2022;10:00 PM;11:00 PM;65645.5;35501.75;2137.75
Jan-20, 2022;11:00 PM;12:00 AM;62482.75;33002.5;3446.25
Jan-21, 2022;12:00 AM;1:00 AM;59888.25;31357;4182.25
Jan-21, 2022;1:00 AM;2:00 AM;58200;30520;4904.75
Jan-21, 2022;2:00 AM;3:00 AM;57167.75;29590.75;5160.5
Jan-21, 2022;3:00 AM;4:00 AM;57505.75;30233.5;4898
Jan-21, 2022;4:00 AM;5:00 AM;58494;32129.75;3916.25
Jan-21, 2022;5:00 AM;6:00 AM;61194.75;34502;3057
Jan-21, 2022;6:00 AM;7:00 AM;67148;40618.75;861.25
Jan-21, 2022;7:00 AM;8:00 AM;73241.5;47298.75;188.5
Jan-21, 2022;8:00 AM;9:00 AM;75561.25;49709;69
Jan-21, 2022;9:00 AM;10:00 AM;75677.75;49700.5;35.75
Jan-21, 2022;10:00 AM;11:00 AM;75828.5;48044.5;48.25
Jan-21, 2022;11:00 AM;12:00 PM;76305.75;46381.75;33.25
Jan-21, 2022;12:00 PM;1:00 PM;75887.75;44620.75;228
Jan-21, 2022;1:00 PM;2:00 PM;74669.5;42965.75;157.25
Jan-21, 2022;2:00 PM;3:00 PM;73300.5;43353.25;192
Jan-21, 2022;3:00 PM;4:00 PM;72379;45580;6.5
Jan-21, 2022;4:00 PM;5:00 PM;72526.25;46702.75;4.75
Jan-21, 2022;5:00 PM;6:00 PM;75305.5;47365.25;9.75
Jan-21, 2022;6:00 PM;7:00 PM;74906.75;45480.5;47.25
Jan-21, 2022;7:00 PM;8:00 PM;72768.25;42354;512.5
Jan-21, 2022;8:00 PM;9:00 PM;68723.75;37464;1168.5
Jan-21, 2022;9:00 PM;10:00 PM;65119.25;33646.25;2264.5
Jan-21, 2022;10:00 PM;11:00 PM;62833.75;32046.25;3093.75
Jan-21, 2022;11:00 PM;12:00 AM;60023.25;29436;4045
Jan-22, 2022;12:00 AM;1:00 AM;56171.75;26420.5;4674.75
Jan-22, 2022;1:00 AM;2:00 AM;54473.75;25475.5;5826.75
Jan-22, 2022;2:00 AM;3:00 AM;52978.75;25264.75;6286.75
Jan-22, 2022;3:00 AM;4:00 AM;52292.75;26280.5;5787.75
Jan-22, 2022;4:00 AM;5:00 AM;51923.5;27868;4403.5
Jan-22, 2022;5:00 AM;6:00 AM;51310.25;30028.75;3437
Jan-22, 2022;6:00 AM;7:00 AM;52201.25;32250.25;2254.75
Jan-22, 2022;7:00 AM;8:00 AM;54080.25;36200.75;353.25
Jan-22, 2022;8:00 AM;9:00 AM;57670.5;41850.25;260.5
Jan-22, 2022;9:00 AM;10:00 AM;60308.75;45631;24.5
Jan-22, 2022;10:00 AM;11:00 AM;61969;47294;178.25
Jan-22, 2022;11:00 AM;12:00 PM;63146.75;48154.25;7
Jan-22, 2022;12:00 PM;1:00 PM;62992.75;47838;70
Jan-22, 2022;1:00 PM;2:00 PM;61583.25;46895.75;130
Jan-22, 2022;2:00 PM;3:00 PM;60443.5;47009.75;221.75
Jan-22, 2022;3:00 PM;4:00 PM;59707.5;47876.25;53.25
Jan-22, 2022;4:00 PM;5:00 PM;60244;49365.5;387.75
Jan-22, 2022;5:00 PM;6:00 PM;63278.75;52363.75;275.5
Jan-22, 2022;6:00 PM;7:00 PM;63736;52633.75;80.25
Jan-22, 2022;7:00 PM;8:00 PM;61761;50848.75;399
Jan-22, 2022;8:00 PM;9:00 PM;57923.25;47234.75;285
Jan-22, 2022;9:00 PM;10:00 PM;55179.5;44655.75;552.75
Jan-22, 2022;10:00 PM;11:00 PM;53925.5;43518.25;968.25
Jan-22, 2022;11:00 PM;12:00 AM;50933.75;40740;1613.5
Jan-23, 2022;12:00 AM;1:00 AM;48660.5;38905.75;2900.25
Jan-23, 2022;1:00 AM;2:00 AM;46804.75;37187.5;3306.75
Jan-23, 2022;2:00 AM;3:00 AM;45789.5;36832;3623.5
Jan-23, 2022;3:00 AM;4:00 AM;45671;36916;4141.75
Jan-23, 2022;4:00 AM;5:00 AM;45724;37206.75;3991.75
Jan-23, 2022;5:00 AM;6:00 AM;45475.5;37174;3207.5
Jan-23, 2022;6:00 AM;7:00 AM;45701.5;37724;3471.5
Jan-23, 2022;7:00 AM;8:00 AM;47485;40187.5;2433.5
Jan-23, 2022;8:00 AM;9:00 AM;50289.5;43052.75;937
Jan-23, 2022;9:00 AM;10:00 AM;53532.75;45351.25;455.75
Jan-23, 2022;10:00 AM;11:00 AM;56151;46685;820.75
Jan-23, 2022;11:00 AM;12:00 PM;58632.5;47725.5;1028.75
Jan-23, 2022;12:00 PM;1:00 PM;58564.25;47210;699.5
Jan-23, 2022;1:00 PM;2:00 PM;56950.75;46344.75;562
Jan-23, 2022;2:00 PM;3:00 PM;55452;46385.25;434.25
Jan-23, 2022;3:00 PM;4:00 PM;54980.75;48140.25;214.75
Jan-23, 2022;4:00 PM;5:00 PM;55766;50926.75;268.5
Jan-23, 2022;5:00 PM;6:00 PM;59472.75;55125.25;240.75
Jan-23, 2022;6:00 PM;7:00 PM;60695.5;56622;5
Jan-23, 2022;7:00 PM;8:00 PM;59111;54841.5;8.75
Jan-23, 2022;8:00 PM;9:00 PM;56770;52061.25;397.5
Jan-23, 2022;9:00 PM;10:00 PM;54975;49749.5;388
Jan-23, 2022;10:00 PM;11:00 PM;54677.25;49219;436.25
Jan-23, 2022;11:00 PM;12:00 AM;51819.5;46288.5;1713.75
Jan-24, 2022;12:00 AM;1:00 AM;49585.25;43863;2021
Jan-24, 2022;1:00 AM;2:00 AM;48305.5;42130.5;2515.25
Jan-24, 2022;2:00 AM;3:00 AM;47856.25;41202.75;3740.25
Jan-24, 2022;3:00 AM;4:00 AM;48380;41467;4024.75
Jan-24, 2022;4:00 AM;5:00 AM;49857;42862.5;3257.75
Jan-24, 2022;5:00 AM;6:00 AM;53774.5;47140.5;1138.25
Jan-24, 2022;6:00 AM;7:00 AM;61889;55625.75;524.5
Jan-24, 2022;7:00 AM;8:00 AM;68556.75;62397.5;50.75
Jan-24, 2022;8:00 AM;9:00 AM;71578.25;64930.5;7.75
Jan-24, 2022;9:00 AM;10:00 AM;72431.75;63699.25;6.75
Jan-24, 2022;10:00 AM;11:00 AM;72869.25;61868.75;9
Jan-24, 2022;11:00 AM;12:00 PM;73503.75;61055;10
Jan-24, 2022;12:00 PM;1:00 PM;73515.75;60242.5;15
Jan-24, 2022;1:00 PM;2:00 PM;72901.25;59997.25;15.75
Jan-24, 2022;2:00 PM;3:00 PM;71497.25;60561;83
Jan-24, 2022;3:00 PM;4:00 PM;70675;62621.75;164.25
Jan-24, 2022;4:00 PM;5:00 PM;70450.25;64994.25;6.75
Jan-24, 2022;5:00 PM;6:00 PM;72852.5;68285.5;0.75
Jan-24, 2022;6:00 PM;7:00 PM;73245.5;68860.75;0
Jan-24, 2022;7:00 PM;8:00 PM;71384;66910.25;17
Jan-24, 2022;8:00 PM;9:00 PM;67494.75;63124.5;526.5
Jan-24, 2022;9:00 PM;10:00 PM;63693.5;59362.25;858
Jan-24, 2022;10:00 PM;11:00 PM;61070.25;56707.5;1979.25
Jan-24, 2022;11:00 PM;12:00 AM;57722;53054.75;2776.5
Jan-25, 2022;12:00 AM;1:00 AM;55371.25;50323.5;4500.25
Jan-25, 2022;1:00 AM;2:00 AM;53620;48270.5;4619.5
Jan-25, 2022;2:00 AM;3:00 AM;53138;47431.75;4975.5
Jan-25, 2022;3:00 AM;4:00 AM;53618.25;47704.25;5682.25
Jan-25, 2022;4:00 AM;5:00 AM;55074.5;49161.25;5313.5
Jan-25, 2022;5:00 AM;6:00 AM;58340.25;52768.5;2762.25
Jan-25, 2022;6:00 AM;7:00 AM;64719;59464;604
Jan-25, 2022;7:00 AM;8:00 AM;70393.75;65549;6.5
Jan-25, 2022;8:00 AM;9:00 AM;73067.25;68116.75;7.5
Jan-25, 2022;9:00 AM;10:00 AM;73330.5;67088.75;5.25
Jan-25, 2022;10:00 AM;11:00 AM;74056.25;66170;4
Jan-25, 2022;11:00 AM;12:00 PM;74925.5;65541.5;2.5
Jan-25, 2022;12:00 PM;1:00 PM;74844;64178.25;53.5
Jan-25, 2022;1:00 PM;2:00 PM;73810;62781.25;128.5
Jan-25, 2022;2:00 PM;3:00 PM;72379.75;62289.5;256
Jan-25, 2022;3:00 PM;4:00 PM;71704.75;63418.25;214.75
Jan-25, 2022;4:00 PM;5:00 PM;71047;64377.5;6.5
Jan-25, 2022;5:00 PM;6:00 PM;73254.75;67213;6
Jan-25, 2022;6:00 PM;7:00 PM;73609.5;67700.25;9.75
Jan-25, 2022;7:00 PM;8:00 PM;71783;65758;26.5
Jan-25, 2022;8:00 PM;9:00 PM;67805;61706.5;241.5
Jan-25, 2022;9:00 PM;10:00 PM;64313.75;57730.5;453.75
Jan-25, 2022;10:00 PM;11:00 PM;61629.75;54497.75;1035.25
Jan-25, 2022;11:00 PM;12:00 AM;58333;49879.5;1983.25
Jan-26, 2022;12:00 AM;1:00 AM;56073;46425.25;3007
Jan-26, 2022;1:00 AM;2:00 AM;54610;44251.25;3834.5
Jan-26, 2022;2:00 AM;3:00 AM;54233.5;42771.25;4899
Jan-26, 2022;3:00 AM;4:00 AM;54793.5;42098;5139
Jan-26, 2022;4:00 AM;5:00 AM;55984.75;42575.25;3892
Jan-26, 2022;5:00 AM;6:00 AM;59004;44473.75;2060.75
Jan-26, 2022;6:00 AM;7:00 AM;66220.75;50524.25;854.25
Jan-26, 2022;7:00 AM;8:00 AM;71805.75;55717;9.25
Jan-26, 2022;8:00 AM;9:00 AM;74491.5;57973.75;4.5
Jan-26, 2022;9:00 AM;10:00 AM;75012.5;56829;4
Jan-26, 2022;10:00 AM;11:00 AM;75996;55342.75;4
Jan-26, 2022;11:00 AM;12:00 PM;77181.25;54920.5;5.5
Jan-26, 2022;12:00 PM;1:00 PM;77309.25;53573.75;29.75
Jan-26, 2022;1:00 PM;2:00 PM;76688.75;51549;453.75
Jan-26, 2022;2:00 PM;3:00 PM;75575.75;50171;225.5
Jan-26, 2022;3:00 PM;4:00 PM;74770.25;49345.5;197.5
Jan-26, 2022;4:00 PM;5:00 PM;74040;49836.75;14.5
Jan-26, 2022;5:00 PM;6:00 PM;76000;51217.5;13
Jan-26, 2022;6:00 PM;7:00 PM;75991.25;50292.75;62.5
Jan-26, 2022;7:00 PM;8:00 PM;74095.75;47387;264.25
Jan-26, 2022;8:00 PM;9:00 PM;70370.5;42798;402.75
Jan-26, 2022;9:00 PM;10:00 PM;66230.25;38313;346.25
Jan-26, 2022;10:00 PM;11:00 PM;63116.75;35538.75;1658.5
Jan-26, 2022;11:00 PM;12:00 AM;60089.5;31375.5;1718
Jan-27, 2022;12:00 AM;1:00 AM;57693.25;27426.75;2711.5
Jan-27, 2022;1:00 AM;2:00 AM;56540.25;25245.5;3584.25
Jan-27, 2022;2:00 AM;3:00 AM;56251;23969.75;4303.25
Jan-27, 2022;3:00 AM;4:00 AM;55875.75;22686.75;4861.5
Jan-27, 2022;4:00 AM;5:00 AM;57225;23366;4202.25
Jan-27, 2022;5:00 AM;6:00 AM;60180.75;25566;2538.75
Jan-27, 2022;6:00 AM;7:00 AM;67137.5;31537.25;1011.5
Jan-27, 2022;7:00 AM;8:00 AM;72932.25;37535;1
Jan-27, 2022;8:00 AM;9:00 AM;75185.75;39501.25;7.75
Jan-27, 2022;9:00 AM;10:00 AM;76085.75;38354.5;151.5
Jan-27, 2022;10:00 AM;11:00 AM;77121.5;36990.25;311.25
Jan-27, 2022;11:00 AM;12:00 PM;78152.5;36087;201.5
Jan-27, 2022;12:00 PM;1:00 PM;77532.5;34735.5;619.25
Jan-27, 2022;1:00 PM;2:00 PM;76105.5;34198.25;722.25
Jan-27, 2022;2:00 PM;3:00 PM;74642.75;34054;314.75
Jan-27, 2022;3:00 PM;4:00 PM;74326;35482;272
Jan-27, 2022;4:00 PM;5:00 PM;74409.5;36519.75;224
Jan-27, 2022;5:00 PM;6:00 PM;76730.25;38215.5;167.75
Jan-27, 2022;6:00 PM;7:00 PM;76692.25;38330.25;690
Jan-27, 2022;7:00 PM;8:00 PM;74757.25;35727.5;620.75
Jan-27, 2022;8:00 PM;9:00 PM;71038.75;30786.25;1538
Jan-27, 2022;9:00 PM;10:00 PM;67203.25;26035.25;1961.25
Jan-27, 2022;10:00 PM;11:00 PM;64177;24068.25;3478.5
Jan-27, 2022;11:00 PM;12:00 AM;60808.5;21550.75;4957.25
Jan-28, 2022;12:00 AM;1:00 AM;58242;19147;5605.25
Jan-28, 2022;1:00 AM;2:00 AM;56377.25;17245.5;5531.25
Jan-28, 2022;2:00 AM;3:00 AM;55432;16628;5983
Jan-28, 2022;3:00 AM;4:00 AM;55648.75;17310.5;5701.75
Jan-28, 2022;4:00 AM;5:00 AM;56957;18981.75;5075.25
Jan-28, 2022;5:00 AM;6:00 AM;60540.25;23281.25;3854
Jan-28, 2022;6:00 AM;7:00 AM;67574.5;30887.75;1592.25
Jan-28, 2022;7:00 AM;8:00 AM;73529.5;38747.75;58
Jan-28, 2022;8:00 AM;9:00 AM;75566.5;42073.25;22.25
Jan-28, 2022;9:00 AM;10:00 AM;75825.75;41484.25;87.25
Jan-28, 2022;10:00 AM;11:00 AM;75950.75;39806.5;365.25
Jan-28, 2022;11:00 AM;12:00 PM;75948.5;41213.25;17.75
Jan-28, 2022;12:00 PM;1:00 PM;74857.75;41081.5;216.5
Jan-28, 2022;1:00 PM;2:00 PM;72805.75;40510.25;752
Jan-28, 2022;2:00 PM;3:00 PM;71763.5;43337.25;744.75
Jan-28, 2022;3:00 PM;4:00 PM;70552.5;47418;308.25
Jan-28, 2022;4:00 PM;5:00 PM;69884;51683.25;77.5
Jan-28, 2022;5:00 PM;6:00 PM;72217;54576.75;18.75
Jan-28, 2022;6:00 PM;7:00 PM;72966.5;53424;6.5
Jan-28, 2022;7:00 PM;8:00 PM;71720.5;50649.75;282.75
Jan-28, 2022;8:00 PM;9:00 PM;67362;44720;315
Jan-28, 2022;9:00 PM;10:00 PM;63652.25;39294;292.5
Jan-28, 2022;10:00 PM;11:00 PM;61255.75;35464.5;625
Jan-28, 2022;11:00 PM;12:00 AM;58211.75;30516;901.5
Jan-29, 2022;12:00 AM;1:00 AM;55082.75;25790.75;664.5
Jan-29, 2022;1:00 AM;2:00 AM;53063.75;21572.75;1718.25
Jan-29, 2022;2:00 AM;3:00 AM;51818.75;18636.75;1911.5
Jan-29, 2022;3:00 AM;4:00 AM;51099;16594.75;3434
Jan-29, 2022;4:00 AM;5:00 AM;51112.75;15609.5;4285
Jan-29, 2022;5:00 AM;6:00 AM;51892.5;15066.25;4830.25
Jan-29, 2022;6:00 AM;7:00 AM;53116.75;14438.5;4524
Jan-29, 2022;7:00 AM;8:00 AM;56003.25;15620.25;2072.5
Jan-29, 2022;8:00 AM;9:00 AM;59803.75;18419.75;1134.5
Jan-29, 2022;9:00 AM;10:00 AM;63330.25;20132;322.75
Jan-29, 2022;10:00 AM;11:00 AM;65457;19799.25;698.75
Jan-29, 2022;11:00 AM;12:00 PM;66744.25;20126.5;471.25
Jan-29, 2022;12:00 PM;1:00 PM;65857;18683.75;1103.5
Jan-29, 2022;1:00 PM;2:00 PM;64750.25;17057;2631.75
Jan-29, 2022;2:00 PM;3:00 PM;63819;16458;2051.5
Jan-29, 2022;3:00 PM;4:00 PM;62370.75;17822.75;1023.75
Jan-29, 2022;4:00 PM;5:00 PM;62118.5;17664.25;268.5
Jan-29, 2022;5:00 PM;6:00 PM;65719.5;21569.25;353.75
Jan-29, 2022;6:00 PM;7:00 PM;66159.5;21254;239.75
Jan-29, 2022;7:00 PM;8:00 PM;63446.5;19047;484
Jan-29, 2022;8:00 PM;9:00 PM;59652.5;15819;959.25
Jan-29, 2022;9:00 PM;10:00 PM;56548.25;13281.25;1383.75
Jan-29, 2022;10:00 PM;11:00 PM;55730.25;13028.5;1505.25
Jan-29, 2022;11:00 PM;12:00 AM;52856.25;11495;3164.25
Jan-30, 2022;12:00 AM;1:00 AM;50266.5;11479.75;3461.25
Jan-30, 2022;1:00 AM;2:00 AM;47911.75;10236.75;3075.75
Jan-30, 2022;2:00 AM;3:00 AM;46752.75;9239.75;4497
Jan-30, 2022;3:00 AM;4:00 AM;46382.25;9196.75;4106.25
Jan-30, 2022;4:00 AM;5:00 AM;46409.75;9672.25;3570.25
Jan-30, 2022;5:00 AM;6:00 AM;46889.25;9583.75;3496
Jan-30, 2022;6:00 AM;7:00 AM;47477;9548.75;3245.25
Jan-30, 2022;7:00 AM;8:00 AM;48636;10096.25;2329
Jan-30, 2022;8:00 AM;9:00 AM;51142;10703;1848.25
Jan-30, 2022;9:00 AM;10:00 AM;54639.25;10759.25;2105
Jan-30, 2022;10:00 AM;11:00 AM;56905;9703;3294
Jan-30, 2022;11:00 AM;12:00 PM;58622.25;8737.5;3342.25
Jan-30, 2022;12:00 PM;1:00 PM;58978;8778;3493.25
Jan-30, 2022;1:00 PM;2:00 PM;57413.5;8225.5;4233
Jan-30, 2022;2:00 PM;3:00 PM;55453.75;9870.25;2217.75
Jan-30, 2022;3:00 PM;4:00 PM;54844.25;13570.5;1641.75
Jan-30, 2022;4:00 PM;5:00 PM;55364;19978;193
Jan-30, 2022;5:00 PM;6:00 PM;59952.75;28082.5;48.75
Jan-30, 2022;6:00 PM;7:00 PM;62612.25;33453.25;0
Jan-30, 2022;7:00 PM;8:00 PM;60536;33697.25;0
Jan-30, 2022;8:00 PM;9:00 PM;57962;33331;111.75
Jan-30, 2022;9:00 PM;10:00 PM;56349.75;33835.5;44.25
Jan-30, 2022;10:00 PM;11:00 PM;56390.25;35134.75;253.25
Jan-30, 2022;11:00 PM;12:00 AM;53944.25;32508.25;1308.5
Jan-31, 2022;12:00 AM;1:00 AM;52434.25;30308.25;2730.5
Jan-31, 2022;1:00 AM;2:00 AM;50879;26702.75;4007
Jan-31, 2022;2:00 AM;3:00 AM;50648.5;25359;4109
Jan-31, 2022;3:00 AM;4:00 AM;50785.5;26375;3524.5
Jan-31, 2022;4:00 AM;5:00 AM;52618.25;29274.75;3270
Jan-31, 2022;5:00 AM;6:00 AM;56124;32111.75;1418.25
Jan-31, 2022;6:00 AM;7:00 AM;63683.75;39479.25;857.25
Jan-31, 2022;7:00 AM;8:00 AM;70034.5;47368;36.75
Jan-31, 2022;8:00 AM;9:00 AM;73317;52138;4
Jan-31, 2022;9:00 AM;10:00 AM;74868.25;53746.25;2.5
Jan-31, 2022;10:00 AM;11:00 AM;75593;53947;10
Jan-31, 2022;11:00 AM;12:00 PM;76340.75;53935;15.75
Jan-31, 2022;12:00 PM;1:00 PM;76845.75;53923;12.75
Jan-31, 2022;1:00 PM;2:00 PM;76352.5;54133;56.5
Jan-31, 2022;2:00 PM;3:00 PM;74678;53311;18.75
Jan-31, 2022;3:00 PM;4:00 PM;73735;53413.75;148.25
Jan-31, 2022;4:00 PM;5:00 PM;73637;54233;412.25
Jan-31, 2022;5:00 PM;6:00 PM;76354.25;56828.5;89.5
Jan-31, 2022;6:00 PM;7:00 PM;77146.5;56739;3
Jan-31, 2022;7:00 PM;8:00 PM;75032.25;54198.75;220
Jan-31, 2022;8:00 PM;9:00 PM;71465;50137.75;262.25
Jan-31, 2022;9:00 PM;10:00 PM;67970;45124.25;553.5
Jan-31, 2022;10:00 PM;11:00 PM;65426.5;42658;702.25
Jan-31, 2022;11:00 PM;12:00 AM;62183;38500.5;2591.5
Feb-01, 2022;12:00 AM;1:00 AM;56414.75;33479.25;3083.25
Feb-01, 2022;1:00 AM;2:00 AM;55271;32473.25;4445.75
Feb-01, 2022;2:00 AM;3:00 AM;54689.5;31789.25;4836.75
Feb-01, 2022;3:00 AM;4:00 AM;54735.25;32179.5;4953.25
Feb-01, 2022;4:00 AM;5:00 AM;55641.75;31562.5;3977.25
Feb-01, 2022;5:00 AM;6:00 AM;58879.75;32717;2527.25
Feb-01, 2022;6:00 AM;7:00 AM;65826.75;36820.75;1550.5
Feb-01, 2022;7:00 AM;8:00 AM;72264.5;41326.5;617.25
Feb-01, 2022;8:00 AM;9:00 AM;75512.25;42307.25;230
Feb-01, 2022;9:00 AM;10:00 AM;76727.5;40386.25;208.5
Feb-01, 2022;10:00 AM;11:00 AM;77600.25;37973.25;210
Feb-01, 2022;11:00 AM;12:00 PM;78539;37050.75;233.75
Feb-01, 2022;12:00 PM;1:00 PM;78680.75;35538.5;724.75
Feb-01, 2022;1:00 PM;2:00 PM;78453.75;33198;536.5
Feb-01, 2022;2:00 PM;3:00 PM;78367.25;32364;513.25
Feb-01, 2022;3:00 PM;4:00 PM;77421.5;31598.25;422.25
Feb-01, 2022;4:00 PM;5:00 PM;76592.5;30821.75;304.5
Feb-01, 2022;5:00 PM;6:00 PM;77513.75;31155.25;289.75
Feb-01, 2022;6:00 PM;7:00 PM;77767.75;31582.5;77.25
Feb-01, 2022;7:00 PM;8:00 PM;75752.75;30196.5;850.5
Feb-01, 2022;8:00 PM;9:00 PM;71379.25;26481.5;1656
Feb-01, 2022;9:00 PM;10:00 PM;66834.25;22639.25;1626
Feb-01, 2022;10:00 PM;11:00 PM;64051.75;21921.5;2767.5
Feb-01, 2022;11:00 PM;12:00 AM;60852.5;18998.5;4883
Feb-02, 2022;12:00 AM;1:00 AM;57705.5;13963;6202
Feb-02, 2022;1:00 AM;2:00 AM;55317.75;12698;6577
Feb-02, 2022;2:00 AM;3:00 AM;54545;13192.75;6171.5
Feb-02, 2022;3:00 AM;4:00 AM;55210.75;13816.5;6018.75
Feb-02, 2022;4:00 AM;5:00 AM;56382.5;13973.75;5299.25
Feb-02, 2022;5:00 AM;6:00 AM;59169.75;16538.75;3491
Feb-02, 2022;6:00 AM;7:00 AM;66256.5;20670.5;3068
Feb-02, 2022;7:00 AM;8:00 AM;71890.5;26654.75;2072
Feb-02, 2022;8:00 AM;9:00 AM;73870.5;30034;753.5
Feb-02, 2022;9:00 AM;10:00 AM;74427;29716.5;969.75
Feb-02, 2022;10:00 AM;11:00 AM;74720;28159.75;1326
Feb-02, 2022;11:00 AM;12:00 PM;75612.25;27537;1018.25
Feb-02, 2022;12:00 PM;1:00 PM;75292.5;27063.25;1132
Feb-02, 2022;1:00 PM;2:00 PM;74007.25;27273.75;1268.5
Feb-02, 2022;2:00 PM;3:00 PM;73188;31444.5;792.5
Feb-02, 2022;3:00 PM;4:00 PM;72621.5;37399;458.75
Feb-02, 2022;4:00 PM;5:00 PM;71121.25;44701.25;51
Feb-02, 2022;5:00 PM;6:00 PM;72942.25;52047.5;3.25
Feb-02, 2022;6:00 PM;7:00 PM;74006;55751.5;0
Feb-02, 2022;7:00 PM;8:00 PM;72136.5;55465;2.25
Feb-02, 2022;8:00 PM;9:00 PM;68110;52260.25;97.5
Feb-02, 2022;9:00 PM;10:00 PM;64510.75;48454.5;185
Feb-02, 2022;10:00 PM;11:00 PM;61512.5;45109.25;1333.25
Feb-02, 2022;11:00 PM;12:00 AM;58477;41751;2379.25
Feb-03, 2022;12:00 AM;1:00 AM;55584;38576.75;2989.25
Feb-03, 2022;1:00 AM;2:00 AM;53893;37292.75;2569.5
Feb-03, 2022;2:00 AM;3:00 AM;53175.75;36334.5;2953.25
Feb-03, 2022;3:00 AM;4:00 AM;53198.25;35594.75;3380
Feb-03, 2022;4:00 AM;5:00 AM;54870.75;36929;2226
Feb-03, 2022;5:00 AM;6:00 AM;57734.75;39583.5;1409.75
Feb-03, 2022;6:00 AM;7:00 AM;64504.25;45327.75;404.25
Feb-03, 2022;7:00 AM;8:00 AM;70483.75;49193;320
Feb-03, 2022;8:00 AM;9:00 AM;73276;49956;111.75
Feb-03, 2022;9:00 AM;10:00 AM;73471.25;48977.5;10.5
Feb-03, 2022;10:00 AM;11:00 AM;73799.75;47309.25;181
Feb-03, 2022;11:00 AM;12:00 PM;74930.5;47259;250.25
Feb-03, 2022;12:00 PM;1:00 PM;74920.5;47586.5;284.5
Feb-03, 2022;1:00 PM;2:00 PM;73321.5;48019;44.25
Feb-03, 2022;2:00 PM;3:00 PM;72250.75;49624.25;139
Feb-03, 2022;3:00 PM;4:00 PM;71789;51237.75;13
Feb-03, 2022;4:00 PM;5:00 PM;71178;52687.5;10.5
Feb-03, 2022;5:00 PM;6:00 PM;72856.75;55297.25;7.25
Feb-03, 2022;6:00 PM;7:00 PM;73542.25;55587.25;5.5
Feb-03, 2022;7:00 PM;8:00 PM;72102.5;53340.75;258.25
Feb-03, 2022;8:00 PM;9:00 PM;68332.25;49228.75;224
Feb-03, 2022;9:00 PM;10:00 PM;64486.75;45787.75;192
Feb-03, 2022;10:00 PM;11:00 PM;61098.25;42125.75;382.5
Feb-03, 2022;11:00 PM;12:00 AM;57608.5;37774.25;915.75
Feb-04, 2022;12:00 AM;1:00 AM;53551.75;33460;1545.75
Feb-04, 2022;1:00 AM;2:00 AM;52026.75;31228.75;2409.5
Feb-04, 2022;2:00 AM;3:00 AM;51534;30575.5;3275.5
Feb-04, 2022;3:00 AM;4:00 AM;52063.5;30656.75;3395.25
Feb-04, 2022;4:00 AM;5:00 AM;53250;30956.5;2919.5
Feb-04, 2022;5:00 AM;6:00 AM;56435.25;32940.75;1506
Feb-04, 2022;6:00 AM;7:00 AM;63710.25;37626.75;668.75
Feb-04, 2022;7:00 AM;8:00 AM;69789.5;41725.5;53.5
Feb-04, 2022;8:00 AM;9:00 AM;72273.5;42147.75;2
Feb-04, 2022;9:00 AM;10:00 AM;73209.25;40161.25;60.25
Feb-04, 2022;10:00 AM;11:00 AM;73206.25;37354.5;251.25
Feb-04, 2022;11:00 AM;12:00 PM;74448.25;34757.25;515.5
Feb-04, 2022;12:00 PM;1:00 PM;74975;32204.25;942.5
Feb-04, 2022;1:00 PM;2:00 PM;73122.5;29287.75;631.75
Feb-04, 2022;2:00 PM;3:00 PM;71692.75;28578.75;605.75
Feb-04, 2022;3:00 PM;4:00 PM;71079;30003.25;566.25
Feb-04, 2022;4:00 PM;5:00 PM;71161.25;32004.5;446.75
Feb-04, 2022;5:00 PM;6:00 PM;73377;34001.5;264.75
Feb-04, 2022;6:00 PM;7:00 PM;74363.75;34504.25;29
Feb-04, 2022;7:00 PM;8:00 PM;71714.75;31769.25;275
Feb-04, 2022;8:00 PM;9:00 PM;67485.25;26179.5;1569.75
Feb-04, 2022;9:00 PM;10:00 PM;64027;22034.75;1645.75
Feb-04, 2022;10:00 PM;11:00 PM;61143;19963.25;1632
Feb-04, 2022;11:00 PM;12:00 AM;57899.75;17460.5;1619.5
Feb-05, 2022;12:00 AM;1:00 AM;54498.75;14919;1394.75
Feb-05, 2022;1:00 AM;2:00 AM;52839;14115.25;1768.25
Feb-05, 2022;2:00 AM;3:00 AM;52279.75;14208.5;1734
Feb-05, 2022;3:00 AM;4:00 AM;52100.25;14273.75;2149.75
Feb-05, 2022;4:00 AM;5:00 AM;51710.25;14047;2289.75
Feb-05, 2022;5:00 AM;6:00 AM;51820.5;14125.5;1583
Feb-05, 2022;6:00 AM;7:00 AM;52811;15007.25;1469.25
Feb-05, 2022;7:00 AM;8:00 AM;55723.75;17834;635.25
Feb-05, 2022;8:00 AM;9:00 AM;59121.25;20768.75;194.25
Feb-05, 2022;9:00 AM;10:00 AM;61893.5;20053.75;716.25
Feb-05, 2022;10:00 AM;11:00 AM;63151;17342.25;3116.5
Feb-05, 2022;11:00 AM;12:00 PM;64753.25;14032.25;3015.25
Feb-05, 2022;12:00 PM;1:00 PM;63646.75;11630;3630
Feb-05, 2022;1:00 PM;2:00 PM;62024.75;10796;4145.75
Feb-05, 2022;2:00 PM;3:00 PM;60029;10847.75;2136.75
Feb-05, 2022;3:00 PM;4:00 PM;59063.75;14476.25;1037.75
Feb-05, 2022;4:00 PM;5:00 PM;59932.5;19039;571
Feb-05, 2022;5:00 PM;6:00 PM;63301;23371;115.25
Feb-05, 2022;6:00 PM;7:00 PM;65542.25;23035.75;99.25
Feb-05, 2022;7:00 PM;8:00 PM;63900.75;20038.25;181
Feb-05, 2022;8:00 PM;9:00 PM;60150.25;15754;279
Feb-05, 2022;9:00 PM;10:00 PM;57689;13819.5;606.5
Feb-05, 2022;10:00 PM;11:00 PM;56537;13222.75;746.25
Feb-05, 2022;11:00 PM;12:00 AM;53745;10571.75;2219.5
Feb-06, 2022;12:00 AM;1:00 AM;51863;8090.5;3614.5
Feb-06, 2022;1:00 AM;2:00 AM;49880.5;7133;4050.75
Feb-06, 2022;2:00 AM;3:00 AM;48929.25;7107;4428
Feb-06, 2022;3:00 AM;4:00 AM;48554.75;7679.25;4405.75
Feb-06, 2022;4:00 AM;5:00 AM;48236.25;7818;4533.75
Feb-06, 2022;5:00 AM;6:00 AM;48702;8007.25;4532.75
Feb-06, 2022;6:00 AM;7:00 AM;48739;8012.75;4431
Feb-06, 2022;7:00 AM;8:00 AM;50809;9081.5;3756
Feb-06, 2022;8:00 AM;9:00 AM;53405.5;8569.5;3252.75
Feb-06, 2022;9:00 AM;10:00 AM;57027.5;10310.5;2776.25
Feb-06, 2022;10:00 AM;11:00 AM;59432.25;11130.25;2272.75
Feb-06, 2022;11:00 AM;12:00 PM;62312;13740.25;653.5
Feb-06, 2022;12:00 PM;1:00 PM;62443.25;14163.75;284.75
Feb-06, 2022;1:00 PM;2:00 PM;60944;15087.5;374.75
Feb-06, 2022;2:00 PM;3:00 PM;60143.5;15771;288
Feb-06, 2022;3:00 PM;4:00 PM;59924.5;15800.75;537.5
Feb-06, 2022;4:00 PM;5:00 PM;59905.75;17672.25;280.75
Feb-06, 2022;5:00 PM;6:00 PM;62455.75;19707;183.5
Feb-06, 2022;6:00 PM;7:00 PM;64195.5;21608;9.75
Feb-06, 2022;7:00 PM;8:00 PM;62302.75;20399.25;127
Feb-06, 2022;8:00 PM;9:00 PM;59763;19817.75;102.75
Feb-06, 2022;9:00 PM;10:00 PM;57467.5;20041;4
Feb-06, 2022;10:00 PM;11:00 PM;56969.5;19944;62.25
Feb-06, 2022;11:00 PM;12:00 AM;54266.25;16764.5;896.25
Feb-07, 2022;12:00 AM;1:00 AM;52337.75;14206.5;3590.5
Feb-07, 2022;1:00 AM;2:00 AM;51453.75;12114.5;4388.5
Feb-07, 2022;2:00 AM;3:00 AM;51518.25;12503.25;4700
Feb-07, 2022;3:00 AM;4:00 AM;51958.75;11839.25;4573.5
Feb-07, 2022;4:00 AM;5:00 AM;54057;13755.25;4156.5
Feb-07, 2022;5:00 AM;6:00 AM;57604.5;16806.5;1932
Feb-07, 2022;6:00 AM;7:00 AM;65191.5;23228;403
Feb-07, 2022;7:00 AM;8:00 AM;71282.25;30022.25;46.25
Feb-07, 2022;8:00 AM;9:00 AM;73799;34308;2.75
Feb-07, 2022;9:00 AM;10:00 AM;74305.75;32267.5;384.75
Feb-07, 2022;10:00 AM;11:00 AM;74696.75;28446.25;2015
Feb-07, 2022;11:00 AM;12:00 PM;75114.25;27533.75;1180
Feb-07, 2022;12:00 PM;1:00 PM;75116.5;26996.5;1865.75
Feb-07, 2022;1:00 PM;2:00 PM;73593;25700.75;1804
Feb-07, 2022;2:00 PM;3:00 PM;71656.25;24918.5;1723
Feb-07, 2022;3:00 PM;4:00 PM;69766.25;27132.75;897.5
Feb-07, 2022;4:00 PM;5:00 PM;69583.5;31233.5;995.5
Feb-07, 2022;5:00 PM;6:00 PM;72373.75;37155.5;631.25
Feb-07, 2022;6:00 PM;7:00 PM;74368.5;40340.25;12.5
Feb-07, 2022;7:00 PM;8:00 PM;72923.5;39974.5;73.75
Feb-07, 2022;8:00 PM;9:00 PM;68837.25;36525.25;422.75
Feb-07, 2022;9:00 PM;10:00 PM;65523.75;33435.75;1012.5
Feb-07, 2022;10:00 PM;11:00 PM;63165.5;30652.75;1102
Feb-07, 2022;11:00 PM;12:00 AM;59293.25;27911;2044.25
Feb-08, 2022;12:00 AM;1:00 AM;57030;24973.25;3132.75
Feb-08, 2022;1:00 AM;2:00 AM;55433.75;23210.75;3844.25
Feb-08, 2022;2:00 AM;3:00 AM;54600.25;21416.25;4348
Feb-08, 2022;3:00 AM;4:00 AM;55245.25;21548.25;4774.5
Feb-08, 2022;4:00 AM;5:00 AM;56553.25;21838.5;4648
Feb-08, 2022;5:00 AM;6:00 AM;59762.25;24238.5;2978
Feb-08, 2022;6:00 AM;7:00 AM;66295.5;28822.75;978.5
Feb-08, 2022;7:00 AM;8:00 AM;71657.5;32605;730.75
Feb-08, 2022;8:00 AM;9:00 AM;74077.25;33936;107.5
Feb-08, 2022;9:00 AM;10:00 AM;74886.25;32790.75;330.5
Feb-08, 2022;10:00 AM;11:00 AM;75615.5;31325.5;584.25
Feb-08, 2022;11:00 AM;12:00 PM;76840.75;31073.5;820
Feb-08, 2022;12:00 PM;1:00 PM;76569.75;30210.75;1120.75
Feb-08, 2022;1:00 PM;2:00 PM;75299.75;29639.75;646.25
Feb-08, 2022;2:00 PM;3:00 PM;73635.25;30015.75;842.5
Feb-08, 2022;3:00 PM;4:00 PM;72584;32464.75;747.25
Feb-08, 2022;4:00 PM;5:00 PM;72057;36309.5;546.25
Feb-08, 2022;5:00 PM;6:00 PM;73564.5;40197.5;112
Feb-08, 2022;6:00 PM;7:00 PM;74354.25;41000;172
Feb-08, 2022;7:00 PM;8:00 PM;73231.75;40457.75;225
Feb-08, 2022;8:00 PM;9:00 PM;69594.5;37641.5;351.5
Feb-08, 2022;9:00 PM;10:00 PM;65715.75;34870.75;353.25
Feb-08, 2022;10:00 PM;11:00 PM;62346.25;32132.75;2245
Feb-08, 2022;11:00 PM;12:00 AM;58667.5;28535.25;2525.75
Feb-09, 2022;12:00 AM;1:00 AM;56121;26266;3139.25
Feb-09, 2022;1:00 AM;2:00 AM;54186.75;24725;4998
Feb-09, 2022;2:00 AM;3:00 AM;52967.75;23806.75;4877.25
Feb-09, 2022;3:00 AM;4:00 AM;53536.5;24077.75;5343.25
Feb-09, 2022;4:00 AM;5:00 AM;55192.75;26118.5;3156.25
Feb-09, 2022;5:00 AM;6:00 AM;57898.75;28648.25;1621
Feb-09, 2022;6:00 AM;7:00 AM;65502.25;34210;346.5
Feb-09, 2022;7:00 AM;8:00 AM;71803.75;40172;264
Feb-09, 2022;8:00 AM;9:00 AM;73851.5;40464.5;128.75
Feb-09, 2022;9:00 AM;10:00 AM;74312.25;38062.25;610.5
Feb-09, 2022;10:00 AM;11:00 AM;74483.5;35289;137.25
Feb-09, 2022;11:00 AM;12:00 PM;75147.25;33454.5;892.25
Feb-09, 2022;12:00 PM;1:00 PM;74339.5;31400.5;1956.5
Feb-09, 2022;1:00 PM;2:00 PM;73131;31016;2122.25
Feb-09, 2022;2:00 PM;3:00 PM;71562.25;32562.25;1084
Feb-09, 2022;3:00 PM;4:00 PM;70222;36847;809
Feb-09, 2022;4:00 PM;5:00 PM;69249;43049.75;382.75
Feb-09, 2022;5:00 PM;6:00 PM;71471.25;49353.25;73.5
Feb-09, 2022;6:00 PM;7:00 PM;73257.25;53101.75;5
Feb-09, 2022;7:00 PM;8:00 PM;71645.75;52519;20
Feb-09, 2022;8:00 PM;9:00 PM;67447;49984;46.25
Feb-09, 2022;9:00 PM;10:00 PM;63684.75;47959.25;104.5
Feb-09, 2022;10:00 PM;11:00 PM;60568.25;45947;477
Feb-09, 2022;11:00 PM;12:00 AM;56859.25;42984.75;1407.5
Feb-10, 2022;12:00 AM;1:00 AM;54217.5;40850;1994.25
Feb-10, 2022;1:00 AM;2:00 AM;52392.25;39477;2411
Feb-10, 2022;2:00 AM;3:00 AM;51656;39227.5;2335
Feb-10, 2022;3:00 AM;4:00 AM;52133;39931.25;2177.25
Feb-10, 2022;4:00 AM;5:00 AM;53440;41001.5;1034.25
Feb-10, 2022;5:00 AM;6:00 AM;56435.5;42597.25;1388
Feb-10, 2022;6:00 AM;7:00 AM;63553.5;48457.75;522.75
Feb-10, 2022;7:00 AM;8:00 AM;69214.25;52976.25;181.75
Feb-10, 2022;8:00 AM;9:00 AM;71565.5;52123;20.75
Feb-10, 2022;9:00 AM;10:00 AM;71783.25;47714.5;484.5
Feb-10, 2022;10:00 AM;11:00 AM;73008.25;44893.5;887
Feb-10, 2022;11:00 AM;12:00 PM;73665;42470.5;503.75
Feb-10, 2022;12:00 PM;1:00 PM;73900.75;41286.25;447
Feb-10, 2022;1:00 PM;2:00 PM;72691.75;41837.5;158.5
Feb-10, 2022;2:00 PM;3:00 PM;71106;43780.5;272.5
Feb-10, 2022;3:00 PM;4:00 PM;70614.5;46069.25;535.75
Feb-10, 2022;4:00 PM;5:00 PM;70132;48590.5;197.5
Feb-10, 2022;5:00 PM;6:00 PM;71728.25;52405.25;230.25
Feb-10, 2022;6:00 PM;7:00 PM;73497.75;54534.25;3.75
Feb-10, 2022;7:00 PM;8:00 PM;71695.5;52813.75;63.5
Feb-10, 2022;8:00 PM;9:00 PM;67882;48842;151.5
Feb-10, 2022;9:00 PM;10:00 PM;64084.25;45279.25;83.75
Feb-10, 2022;10:00 PM;11:00 PM;60863.75;42927;168.75
Feb-10, 2022;11:00 PM;12:00 AM;56869.5;39329.25;846.25
Feb-11, 2022;12:00 AM;1:00 AM;55123.25;36771.75;3240.75
Feb-11, 2022;1:00 AM;2:00 AM;53399.25;34306.25;3750
Feb-11, 2022;2:00 AM;3:00 AM;52747.25;33762.25;3628.5
Feb-11, 2022;3:00 AM;4:00 AM;53013.75;33703.5;3478.25
Feb-11, 2022;4:00 AM;5:00 AM;54616.75;34132.25;3289.75
Feb-11, 2022;5:00 AM;6:00 AM;57956.25;36284;1336.25
Feb-11, 2022;6:00 AM;7:00 AM;64864.5;41293.5;563.75
Feb-11, 2022;7:00 AM;8:00 AM;70680.75;45700.75;168.25
Feb-11, 2022;8:00 AM;9:00 AM;73046;46496.25;89.5
Feb-11, 2022;9:00 AM;10:00 AM;74279;43549.5;519.5
Feb-11, 2022;10:00 AM;11:00 AM;74803.5;38566.25;1322.75
Feb-11, 2022;11:00 AM;12:00 PM;75721.25;35453.5;2373
Feb-11, 2022;12:00 PM;1:00 PM;74950.75;32382;3319.25
Feb-11, 2022;1:00 PM;2:00 PM;73581.75;33509.75;3066
Feb-11, 2022;2:00 PM;3:00 PM;71554.75;34941.5;1262.75
Feb-11, 2022;3:00 PM;4:00 PM;70536;39514.75;835.25
Feb-11, 2022;4:00 PM;5:00 PM;69867.25;45616.5;822.75
Feb-11, 2022;5:00 PM;6:00 PM;71256;52452;69.5
Feb-11, 2022;6:00 PM;7:00 PM;72974.25;56841.75;5.75
Feb-11, 2022;7:00 PM;8:00 PM;71379.25;58129.75;5
Feb-11, 2022;8:00 PM;9:00 PM;66885.25;56252.5;89.5
Feb-11, 2022;9:00 PM;10:00 PM;63045.75;54492;76
Feb-11, 2022;10:00 PM;11:00 PM;59847.25;53053.25;60.25
Feb-11, 2022;11:00 PM;12:00 AM;56345.75;50358;216.25
Feb-12, 2022;12:00 AM;1:00 AM;53307;47059.75;387.25
Feb-12, 2022;1:00 AM;2:00 AM;52049.5;44128.25;589.25
Feb-12, 2022;2:00 AM;3:00 AM;51233;42113.25;223.5
Feb-12, 2022;3:00 AM;4:00 AM;50598.75;40264.25;141.5
Feb-12, 2022;4:00 AM;5:00 AM;50629;38613.25;352
Feb-12, 2022;5:00 AM;6:00 AM;50893.75;37192;614.75
Feb-12, 2022;6:00 AM;7:00 AM;52215.25;36668.75;407.5
Feb-12, 2022;7:00 AM;8:00 AM;55138.75;37388.25;464.75
Feb-12, 2022;8:00 AM;9:00 AM;59129.75;36812.5;489.25
Feb-12, 2022;9:00 AM;10:00 AM;62039;32485.75;1331.25
Feb-12, 2022;10:00 AM;11:00 AM;63070.5;27773.75;1589
Feb-12, 2022;11:00 AM;12:00 PM;62664.75;23227.75;2036
Feb-12, 2022;12:00 PM;1:00 PM;61654;19090;4601.5
Feb-12, 2022;1:00 PM;2:00 PM;59839.75;17078.75;5421
Feb-12, 2022;2:00 PM;3:00 PM;58243;18752;3960
Feb-12, 2022;3:00 PM;4:00 PM;57158.25;25448.25;773
Feb-12, 2022;4:00 PM;5:00 PM;58149.25;35081.5;229.75
Feb-12, 2022;5:00 PM;6:00 PM;61859.25;41168.75;9.75
Feb-12, 2022;6:00 PM;7:00 PM;65447;41150.75;13
Feb-12, 2022;7:00 PM;8:00 PM;63818;36415.5;423.75
Feb-12, 2022;8:00 PM;9:00 PM;60346.5;31692.25;987
Feb-12, 2022;9:00 PM;10:00 PM;57630.75;27834.5;1346.25
Feb-12, 2022;10:00 PM;11:00 PM;56343.5;27379.5;850.25
Feb-12, 2022;11:00 PM;12:00 AM;53762.25;24906.75;919.5
Feb-13, 2022;12:00 AM;1:00 AM;51003.5;22265.75;623.75
Feb-13, 2022;1:00 AM;2:00 AM;49499;20699;444.25
Feb-13, 2022;2:00 AM;3:00 AM;48360;20412.75;717.5
Feb-13, 2022;3:00 AM;4:00 AM;47791.25;20040.25;1338
Feb-13, 2022;4:00 AM;5:00 AM;47654.5;19763.25;946.5
Feb-13, 2022;5:00 AM;6:00 AM;47309;18632.25;1046.5
Feb-13, 2022;6:00 AM;7:00 AM;47886;18124.75;1311.75
Feb-13, 2022;7:00 AM;8:00 AM;49828.75;19022;1301.75
Feb-13, 2022;8:00 AM;9:00 AM;53109.5;19016;1463.25
Feb-13, 2022;9:00 AM;10:00 AM;55900.25;16205.5;2967
Feb-13, 2022;10:00 AM;11:00 AM;57341.5;12606;4426.5
Feb-13, 2022;11:00 AM;12:00 PM;58969.75;11203.5;5145.25
Feb-13, 2022;12:00 PM;1:00 PM;57921;9712.25;5844.25
Feb-13, 2022;1:00 PM;2:00 PM;55599.25;8500.75;5389
Feb-13, 2022;2:00 PM;3:00 PM;53759.25;10452.75;4802.5
Feb-13, 2022;3:00 PM;4:00 PM;53070.5;16007;1550.5
Feb-13, 2022;4:00 PM;5:00 PM;53700.5;22477;682.75
Feb-13, 2022;5:00 PM;6:00 PM;58436.25;26844.5;304
Feb-13, 2022;6:00 PM;7:00 PM;63054.75;26656.5;41.25
Feb-13, 2022;7:00 PM;8:00 PM;61922.5;22150.25;438.75
Feb-13, 2022;8:00 PM;9:00 PM;59244.75;18277.25;544.5
Feb-13, 2022;9:00 PM;10:00 PM;57494;15712.75;874
Feb-13, 2022;10:00 PM;11:00 PM;57487;17286.75;1361
Feb-13, 2022;11:00 PM;12:00 AM;55225.5;15638.75;2996.5
Feb-14, 2022;12:00 AM;1:00 AM;52709.75;14308;4501.75
Feb-14, 2022;1:00 AM;2:00 AM;51269.75;12625.5;5010.5
Feb-14, 2022;2:00 AM;3:00 AM;50728;12634.75;5082
Feb-14, 2022;3:00 AM;4:00 AM;51084.25;13128;4794
Feb-14, 2022;4:00 AM;5:00 AM;52701;14192.5;4321.5
Feb-14, 2022;5:00 AM;6:00 AM;56397;17357.25;2454.5
Feb-14, 2022;6:00 AM;7:00 AM;64477;24068.25;1210
Feb-14, 2022;7:00 AM;8:00 AM;69892.5;29495.25;211
Feb-14, 2022;8:00 AM;9:00 AM;72886;29551.75;349
Feb-14, 2022;9:00 AM;10:00 AM;73407;25000.75;1065.5
Feb-14, 2022;10:00 AM;11:00 AM;73633.5;22380;1080
Feb-14, 2022;11:00 AM;12:00 PM;74459;22229;1725
Feb-14, 2022;12:00 PM;1:00 PM;74364;23991.25;1887.5
Feb-14, 2022;1:00 PM;2:00 PM;72727;26347.25;614
Feb-14, 2022;2:00 PM;3:00 PM;71058.5;30359.25;114.75
Feb-14, 2022;3:00 PM;4:00 PM;70129.75;36094.25;9
Feb-14, 2022;4:00 PM;5:00 PM;69435;40276.75;83.75
Feb-14, 2022;5:00 PM;6:00 PM;71257.25;43975.5;55.75
Feb-14, 2022;6:00 PM;7:00 PM;73433.5;45762.5;1
Feb-14, 2022;7:00 PM;8:00 PM;71969.5;43875.75;7.25
Feb-14, 2022;8:00 PM;9:00 PM;68016.5;39770.75;162
Feb-14, 2022;9:00 PM;10:00 PM;64198.25;35891.5;728.25
Feb-14, 2022;10:00 PM;11:00 PM;60963.25;33218.75;879.5
Feb-14, 2022;11:00 PM;12:00 AM;57392.75;29729.75;2650.5
Feb-15, 2022;12:00 AM;1:00 AM;55094.75;27587.25;4275
Feb-15, 2022;1:00 AM;2:00 AM;53689.5;26891.25;3663.5
Feb-15, 2022;2:00 AM;3:00 AM;52645;26540.5;3401.75
Feb-15, 2022;3:00 AM;4:00 AM;53159.25;27877.25;2675
Feb-15, 2022;4:00 AM;5:00 AM;54690;30699.75;871.75
Feb-15, 2022;5:00 AM;6:00 AM;57717.25;35657;549
Feb-15, 2022;6:00 AM;7:00 AM;64563.25;43126.5;412
Feb-15, 2022;7:00 AM;8:00 AM;70449.25;50048.75;12.25
Feb-15, 2022;8:00 AM;9:00 AM;73003.75;52729.5;2.75
Feb-15, 2022;9:00 AM;10:00 AM;73361.75;51326.5;7.75
Feb-15, 2022;10:00 AM;11:00 AM;73976.75;48274;44.5
Feb-15, 2022;11:00 AM;12:00 PM;74975.5;44882.5;42.25
Feb-15, 2022;12:00 PM;1:00 PM;74341.5;42029;19.5
Feb-15, 2022;1:00 PM;2:00 PM;72705;39406.75;259
Feb-15, 2022;2:00 PM;3:00 PM;71104;38005.75;289.5
Feb-15, 2022;3:00 PM;4:00 PM;70772.25;39356.75;510.5
Feb-15, 2022;4:00 PM;5:00 PM;69812.5;40562.5;205.25
Feb-15, 2022;5:00 PM;6:00 PM;71691.75;42627.25;53.5
Feb-15, 2022;6:00 PM;7:00 PM;74326.25;40946.5;173.25
Feb-15, 2022;7:00 PM;8:00 PM;74542.5;35320.25;935.25
Feb-15, 2022;8:00 PM;9:00 PM;70509.75;28497.5;2698.5
Feb-15, 2022;9:00 PM;10:00 PM;66806.75;23548.25;3688
Feb-15, 2022;10:00 PM;11:00 PM;63601;21870.5;2600.75
Feb-15, 2022;11:00 PM;12:00 AM;59898.5;18837.75;3853.75
Feb-16, 2022;12:00 AM;1:00 AM;56487;16698.5;4841.25
Feb-16, 2022;1:00 AM;2:00 AM;54826;16430.5;4234
Feb-16, 2022;2:00 AM;3:00 AM;53251;17299.75;3102.75
Feb-16, 2022;3:00 AM;4:00 AM;53492.5;18129;3617.75
Feb-16, 2022;4:00 AM;5:00 AM;55238;20673.5;2749.75
Feb-16, 2022;5:00 AM;6:00 AM;58538;23616;2113.25
Feb-16, 2022;6:00 AM;7:00 AM;64998.75;27375.5;828.25
Feb-16, 2022;7:00 AM;8:00 AM;70801.75;30779;406.75
Feb-16, 2022;8:00 AM;9:00 AM;73733.75;30447;103.25
Feb-16, 2022;9:00 AM;10:00 AM;75080;27971.5;378.75
Feb-16, 2022;10:00 AM;11:00 AM;74931.75;25437.5;222
Feb-16, 2022;11:00 AM;12:00 PM;75604;25416.25;25.25
Feb-16, 2022;12:00 PM;1:00 PM;75165.25;25361.75;380.25
Feb-16, 2022;1:00 PM;2:00 PM;74191.25;24655.5;219.75
Feb-16, 2022;2:00 PM;3:00 PM;73093.5;25270.25;17.25
Feb-16, 2022;3:00 PM;4:00 PM;72410.25;26035;19
Feb-16, 2022;4:00 PM;5:00 PM;71193;26321;10
Feb-16, 2022;5:00 PM;6:00 PM;72201.75;27357.5;34
Feb-16, 2022;6:00 PM;7:00 PM;74502;28711.5;13.25
Feb-16, 2022;7:00 PM;8:00 PM;73116.5;26861;196.75
Feb-16, 2022;8:00 PM;9:00 PM;68923.75;22521.25;855.5
Feb-16, 2022;9:00 PM;10:00 PM;65165;19057.25;2009.25
Feb-16, 2022;10:00 PM;11:00 PM;62315.5;17323.5;2802.75
Feb-16, 2022;11:00 PM;12:00 AM;58609.5;12884.75;3566
Feb-17, 2022;12:00 AM;1:00 AM;56513.5;12307.75;4656.25
Feb-17, 2022;1:00 AM;2:00 AM;54303;10407;5120.75
Feb-17, 2022;2:00 AM;3:00 AM;53201.25;11280;4777
Feb-17, 2022;3:00 AM;4:00 AM;53413.75;13701.75;4059.25
Feb-17, 2022;4:00 AM;5:00 AM;54604.5;16431.75;3300.5
Feb-17, 2022;5:00 AM;6:00 AM;57807;19944.25;1531
Feb-17, 2022;6:00 AM;7:00 AM;64262.5;23423.75;144.5
Feb-17, 2022;7:00 AM;8:00 AM;69770.5;25657;8.25
Feb-17, 2022;8:00 AM;9:00 AM;72839.75;25519.5;128
Feb-17, 2022;9:00 AM;10:00 AM;73860.5;22014.75;310.5
Feb-17, 2022;10:00 AM;11:00 AM;74028.25;18672.5;640.25
Feb-17, 2022;11:00 AM;12:00 PM;74003;16936.25;1432
Feb-17, 2022;12:00 PM;1:00 PM;74035;15169.75;3416.75
Feb-17, 2022;1:00 PM;2:00 PM;72631.75;14099.5;2230.25
Feb-17, 2022;2:00 PM;3:00 PM;71383;14408.5;1395.25
Feb-17, 2022;3:00 PM;4:00 PM;70632.75;16730.5;1091.75
Feb-17, 2022;4:00 PM;5:00 PM;69663.75;20003;802
Feb-17, 2022;5:00 PM;6:00 PM;71329.5;24622.5;12.25
Feb-17, 2022;6:00 PM;7:00 PM;74109.75;28353.5;16.25
Feb-17, 2022;7:00 PM;8:00 PM;72635.25;27566.75;69.25
Feb-17, 2022;8:00 PM;9:00 PM;68823.25;24510;420.25
Feb-17, 2022;9:00 PM;10:00 PM;65136.25;22055.5;425.75
Feb-17, 2022;10:00 PM;11:00 PM;61505;21077.75;2179.5
Feb-17, 2022;11:00 PM;12:00 AM;58322;18524.75;3212.75
Feb-18, 2022;12:00 AM;1:00 AM;55004;16322;4310.5
Feb-18, 2022;1:00 AM;2:00 AM;53160.5;17475.75;4060.25
Feb-18, 2022;2:00 AM;3:00 AM;52295.75;19169.5;4058
Feb-18, 2022;3:00 AM;4:00 AM;51567;21259;3675.5
Feb-18, 2022;4:00 AM;5:00 AM;52881.75;25514.75;1838.5
Feb-18, 2022;5:00 AM;6:00 AM;55754.5;30496.25;668.75
Feb-18, 2022;6:00 AM;7:00 AM;62403.25;37579;87.5
Feb-18, 2022;7:00 AM;8:00 AM;67934.75;42590.25;107
Feb-18, 2022;8:00 AM;9:00 AM;70243.25;42659.5;38
Feb-18, 2022;9:00 AM;10:00 AM;71156.75;40516.25;16.75
Feb-18, 2022;10:00 AM;11:00 AM;72283;36003.5;266.5
Feb-18, 2022;11:00 AM;12:00 PM;72947;32839.25;85.75
Feb-18, 2022;12:00 PM;1:00 PM;72345.25;27891;387.5
Feb-18, 2022;1:00 PM;2:00 PM;71243;23383.75;1093.5
Feb-18, 2022;2:00 PM;3:00 PM;69754.25;20475.75;601.25
Feb-18, 2022;3:00 PM;4:00 PM;69103.75;20269;33.75
Feb-18, 2022;4:00 PM;5:00 PM;67978.25;21046.25;103.25
Feb-18, 2022;5:00 PM;6:00 PM;69306.75;24123.5;267
Feb-18, 2022;6:00 PM;7:00 PM;70866;27387;169.25
Feb-18, 2022;7:00 PM;8:00 PM;68936;28198.75;10
Feb-18, 2022;8:00 PM;9:00 PM;64765;25680.75;522.25
Feb-18, 2022;9:00 PM;10:00 PM;61564.75;23251;1064.75
Feb-18, 2022;10:00 PM;11:00 PM;58819.5;22056.75;627.25
Feb-18, 2022;11:00 PM;12:00 AM;54694.25;18153.5;586.5
Feb-19, 2022;12:00 AM;1:00 AM;52107;15035.75;1009
Feb-19, 2022;1:00 AM;2:00 AM;50202.5;12941.25;1055.75
Feb-19, 2022;2:00 AM;3:00 AM;49972.25;12587.25;3424
Feb-19, 2022;3:00 AM;4:00 AM;50654.25;12346.25;4090
Feb-19, 2022;4:00 AM;5:00 AM;51018.75;11246.25;3318.75
Feb-19, 2022;5:00 AM;6:00 AM;50891.25;9968;3085
Feb-19, 2022;6:00 AM;7:00 AM;51823.75;9800;2540.5
Feb-19, 2022;7:00 AM;8:00 AM;53980;10401.25;2519.25
Feb-19, 2022;8:00 AM;9:00 AM;57969.5;10833.5;3406
Feb-19, 2022;9:00 AM;10:00 AM;60678.75;8022.25;4262
Feb-19, 2022;10:00 AM;11:00 AM;62802.75;7167.25;5276.75
Feb-19, 2022;11:00 AM;12:00 PM;63741.25;7287.25;5754.5
Feb-19, 2022;12:00 PM;1:00 PM;62828.25;7652.5;5936
Feb-19, 2022;1:00 PM;2:00 PM;60818;8271.5;5696.75
Feb-19, 2022;2:00 PM;3:00 PM;60199.75;8945.25;4869.5
Feb-19, 2022;3:00 PM;4:00 PM;59048;9340.5;3323.5
Feb-19, 2022;4:00 PM;5:00 PM;58078.5;14765.5;1225.75
Feb-19, 2022;5:00 PM;6:00 PM;60047.25;23528.75;186
Feb-19, 2022;6:00 PM;7:00 PM;63159.25;28825.75;6.25
Feb-19, 2022;7:00 PM;8:00 PM;62017;27272.25;251.5
Feb-19, 2022;8:00 PM;9:00 PM;58645.25;22053;387.5
Feb-19, 2022;9:00 PM;10:00 PM;56324;21252.5;228.75
Feb-19, 2022;10:00 PM;11:00 PM;55166.75;22522.75;15.5
Feb-19, 2022;11:00 PM;12:00 AM;52318.5;21542.75;149.75
Feb-20, 2022;12:00 AM;1:00 AM;49327.75;20196.75;95
Feb-20, 2022;1:00 AM;2:00 AM;46820;18392;380
Feb-20, 2022;2:00 AM;3:00 AM;45741.5;17960.5;474.25
Feb-20, 2022;3:00 AM;4:00 AM;45459;17643;1057.25
Feb-20, 2022;4:00 AM;5:00 AM;45672;18638.75;1887
Feb-20, 2022;5:00 AM;6:00 AM;45686.5;18860.75;1669
Feb-20, 2022;6:00 AM;7:00 AM;45634;16344;1744.75
Feb-20, 2022;7:00 AM;8:00 AM;46997.25;14770.5;1297.5
Feb-20, 2022;8:00 AM;9:00 AM;50666;14510.25;1603.75
Feb-20, 2022;9:00 AM;10:00 AM;54325.75;13418.25;547.25
Feb-20, 2022;10:00 AM;11:00 AM;56887;12559.25;503.5
Feb-20, 2022;11:00 AM;12:00 PM;59663.75;11440.75;845
Feb-20, 2022;12:00 PM;1:00 PM;59721.5;9156.75;1789.75
Feb-20, 2022;1:00 PM;2:00 PM;58329.75;6980;3500.5
Feb-20, 2022;2:00 PM;3:00 PM;57701.75;7363.25;3665
Feb-20, 2022;3:00 PM;4:00 PM;57544.5;8552.5;3561
Feb-20, 2022;4:00 PM;5:00 PM;57483.25;10039.25;2411
Feb-20, 2022;5:00 PM;6:00 PM;59686.5;11539.5;1091.25
Feb-20, 2022;6:00 PM;7:00 PM;62614;14342;670.5
Feb-20, 2022;7:00 PM;8:00 PM;61229.75;13003.5;1194.25
Feb-20, 2022;8:00 PM;9:00 PM;57919;9742.75;1748
Feb-20, 2022;9:00 PM;10:00 PM;55892.5;8590.25;1943
Feb-20, 2022;10:00 PM;11:00 PM;55129.75;8807.25;2306.25
Feb-20, 2022;11:00 PM;12:00 AM;52785.5;7444.5;3096.25
Feb-21, 2022;12:00 AM;1:00 AM;51002.5;6857.5;3757
Feb-21, 2022;1:00 AM;2:00 AM;50226.5;7349.75;4232.5
Feb-21, 2022;2:00 AM;3:00 AM;50023.75;7011.5;4541.75
Feb-21, 2022;3:00 AM;4:00 AM;50759.75;8049.5;4434
Feb-21, 2022;4:00 AM;5:00 AM;52870.75;8985;4083
Feb-21, 2022;5:00 AM;6:00 AM;56217.75;11957.5;1718.25
Feb-21, 2022;6:00 AM;7:00 AM;63373.25;17552.75;580
Feb-21, 2022;7:00 AM;8:00 AM;68993.75;22760.75;218.5
Feb-21, 2022;8:00 AM;9:00 AM;71759.5;24016;208.5
Feb-21, 2022;9:00 AM;10:00 AM;72993;20847;436.75
Feb-21, 2022;10:00 AM;11:00 AM;73768.5;18689.5;577.75
Feb-21, 2022;11:00 AM;12:00 PM;73811.75;18997.5;781.75
Feb-21, 2022;12:00 PM;1:00 PM;74022;18283.25;1596.5
Feb-21, 2022;1:00 PM;2:00 PM;73649.5;19064.25;1663
Feb-21, 2022;2:00 PM;3:00 PM;72781.75;22575;582.75
Feb-21, 2022;3:00 PM;4:00 PM;72195.75;25722;367
Feb-21, 2022;4:00 PM;5:00 PM;71257.75;27072.75;761
Feb-21, 2022;5:00 PM;6:00 PM;72191.25;29713.75;592.5
Feb-21, 2022;6:00 PM;7:00 PM;74480;32830.75;21
Feb-21, 2022;7:00 PM;8:00 PM;73006.5;31904.5;14
Feb-21, 2022;8:00 PM;9:00 PM;69005;27392.75;376
Feb-21, 2022;9:00 PM;10:00 PM;65249;23363.5;389.75
Feb-21, 2022;10:00 PM;11:00 PM;62509.5;21944.25;1089.5
Feb-21, 2022;11:00 PM;12:00 AM;59071;18379.5;3644.25
Feb-22, 2022;12:00 AM;1:00 AM;56405.25;16389.25;4492.75
Feb-22, 2022;1:00 AM;2:00 AM;54741.5;15746.5;5161
Feb-22, 2022;2:00 AM;3:00 AM;53900.25;14762.5;5415
Feb-22, 2022;3:00 AM;4:00 AM;54273.25;16043.25;5341
Feb-22, 2022;4:00 AM;5:00 AM;56092.25;18709.5;4859.5
Feb-22, 2022;5:00 AM;6:00 AM;59086.75;22434.5;2155
Feb-22, 2022;6:00 AM;7:00 AM;65175.75;29573.25;417.25
Feb-22, 2022;7:00 AM;8:00 AM;69083.25;36969.75;130
Feb-22, 2022;8:00 AM;9:00 AM;71253.5;40068.25;110.5
Feb-22, 2022;9:00 AM;10:00 AM;71591.75;37640.25;13.25
Feb-22, 2022;10:00 AM;11:00 AM;72284.25;34937.25;30.75
Feb-22, 2022;11:00 AM;12:00 PM;73036.5;32436.75;242.75
Feb-22, 2022;12:00 PM;1:00 PM;73031.5;30016.5;831.25
Feb-22, 2022;1:00 PM;2:00 PM;72616.5;29479.25;679.25
Feb-22, 2022;2:00 PM;3:00 PM;70946.75;30452.25;412.5
Feb-22, 2022;3:00 PM;4:00 PM;70154.5;33241;128
Feb-22, 2022;4:00 PM;5:00 PM;70165.5;33375;233.25
Feb-22, 2022;5:00 PM;6:00 PM;71970.25;33602.75;67
Feb-22, 2022;6:00 PM;7:00 PM;74464.75;33472.25;6.75
Feb-22, 2022;7:00 PM;8:00 PM;73598.5;29855.5;359.25
Feb-22, 2022;8:00 PM;9:00 PM;69726.75;24819;1172.25
Feb-22, 2022;9:00 PM;10:00 PM;66416.25;21711.75;1347.75
Feb-22, 2022;10:00 PM;11:00 PM;63466;20255.5;2599
Feb-22, 2022;11:00 PM;12:00 AM;59259.75;16768.25;4207.5
Feb-23, 2022;12:00 AM;1:00 AM;55428;13757.5;4927
Feb-23, 2022;1:00 AM;2:00 AM;53182.25;13375.5;5125
Feb-23, 2022;2:00 AM;3:00 AM;52702.75;15466.75;5108.5
Feb-23, 2022;3:00 AM;4:00 AM;52871.75;16616;5218.25
Feb-23, 2022;4:00 AM;5:00 AM;54599.75;19896.25;4613.75
Feb-23, 2022;5:00 AM;6:00 AM;57187.75;24226;1027.75
Feb-23, 2022;6:00 AM;7:00 AM;64935.75;32641.75;333
Feb-23, 2022;7:00 AM;8:00 AM;69983.25;38409;104.25
Feb-23, 2022;8:00 AM;9:00 AM;72033.5;38595.25;88.5
Feb-23, 2022;9:00 AM;10:00 AM;71190.75;32200.5;587.75
Feb-23, 2022;10:00 AM;11:00 AM;70562;26878.5;1391.75
Feb-23, 2022;11:00 AM;12:00 PM;70566.25;23184;1940.25
Feb-23, 2022;12:00 PM;1:00 PM;70751.75;20759.5;3603.75
Feb-23, 2022;1:00 PM;2:00 PM;69895.5;19977.5;3880.25
Feb-23, 2022;2:00 PM;3:00 PM;68736.75;23134.75;1551.5
Feb-23, 2022;3:00 PM;4:00 PM;67027;28733.25;1183.75
Feb-23, 2022;4:00 PM;5:00 PM;66637.75;39456.75;440.5
Feb-23, 2022;5:00 PM;6:00 PM;67893.25;48884.25;21.75
Feb-23, 2022;6:00 PM;7:00 PM;72027;52266.25;4
Feb-23, 2022;7:00 PM;8:00 PM;71795.75;49266.75;48.5
Feb-23, 2022;8:00 PM;9:00 PM;68681;43817.75;81.5
Feb-23, 2022;9:00 PM;10:00 PM;65410.75;39251.5;144.5
Feb-23, 2022;10:00 PM;11:00 PM;61916.5;35218;577.75
Feb-23, 2022;11:00 PM;12:00 AM;58637.25;30740.75;2188.75
Feb-24, 2022;12:00 AM;1:00 AM;56310.25;27823;2674.75
Feb-24, 2022;1:00 AM;2:00 AM;54578;25814.25;4045.75
Feb-24, 2022;2:00 AM;3:00 AM;53961.75;24456;4424
Feb-24, 2022;3:00 AM;4:00 AM;54141.25;24588.75;4665.25
Feb-24, 2022;4:00 AM;5:00 AM;55534;25501.75;4465.25
Feb-24, 2022;5:00 AM;6:00 AM;58505.75;28538.25;1350.25
Feb-24, 2022;6:00 AM;7:00 AM;65881.5;35625;389.5
Feb-24, 2022;7:00 AM;8:00 AM;70430.25;40727;5.25
Feb-24, 2022;8:00 AM;9:00 AM;72165.75;40323;3.75
Feb-24, 2022;9:00 AM;10:00 AM;71667;37256.25;278.5
Feb-24, 2022;10:00 AM;11:00 AM;72323.5;33425.25;725.25
Feb-24, 2022;11:00 AM;12:00 PM;73795;30829.5;842.75
Feb-24, 2022;12:00 PM;1:00 PM;73489;26720.25;960.5
Feb-24, 2022;1:00 PM;2:00 PM;72525.5;24843.75;544.25
Feb-24, 2022;2:00 PM;3:00 PM;70994.75;23995.5;260.75
Feb-24, 2022;3:00 PM;4:00 PM;70905.25;25316.5;567
Feb-24, 2022;4:00 PM;5:00 PM;70462;28125.5;394.25
Feb-24, 2022;5:00 PM;6:00 PM;71783.5;31408.5;202
Feb-24, 2022;6:00 PM;7:00 PM;73877.75;33040.5;643.25
Feb-24, 2022;7:00 PM;8:00 PM;73575.75;31559.75;1430.5
Feb-24, 2022;8:00 PM;9:00 PM;70622;28820;1649
Feb-24, 2022;9:00 PM;10:00 PM;66261.75;26000.75;2046
Feb-24, 2022;10:00 PM;11:00 PM;63628.5;25863;2202.25
Feb-24, 2022;11:00 PM;12:00 AM;59816;23553.25;2214
Feb-25, 2022;12:00 AM;1:00 AM;57021.25;20696.75;5479.5
Feb-25, 2022;1:00 AM;2:00 AM;54900.5;18436.5;5499.5
Feb-25, 2022;2:00 AM;3:00 AM;54256.5;17801.25;5921
Feb-25, 2022;3:00 AM;4:00 AM;54687.5;17755;5089.25
Feb-25, 2022;4:00 AM;5:00 AM;56252.75;19472;3470.25
Feb-25, 2022;5:00 AM;6:00 AM;58943.5;21899;1431.5
Feb-25, 2022;6:00 AM;7:00 AM;65658.75;26762.5;744.5
Feb-25, 2022;7:00 AM;8:00 AM;70816.25;31053.25;760.25
Feb-25, 2022;8:00 AM;9:00 AM;73319.5;29173.75;677.25
Feb-25, 2022;9:00 AM;10:00 AM;74069.25;23449.5;2471.75
Feb-25, 2022;10:00 AM;11:00 AM;74358.75;19581.5;2953.25
Feb-25, 2022;11:00 AM;12:00 PM;74722.25;19825.5;1860.5
Feb-25, 2022;12:00 PM;1:00 PM;74156;20387.25;3121.5
Feb-25, 2022;1:00 PM;2:00 PM;72750.5;21195.25;2996.5
Feb-25, 2022;2:00 PM;3:00 PM;71313.5;24093.25;2045.25
Feb-25, 2022;3:00 PM;4:00 PM;70587.25;27291.5;1679.25
Feb-25, 2022;4:00 PM;5:00 PM;69028.25;32286.25;581.25
Feb-25, 2022;5:00 PM;6:00 PM;69207.75;36778.75;126.25
Feb-25, 2022;6:00 PM;7:00 PM;71028.75;40077.5;181.5
Feb-25, 2022;7:00 PM;8:00 PM;69712.75;39955.5;82.25
Feb-25, 2022;8:00 PM;9:00 PM;65504.5;35745.5;117.75
Feb-25, 2022;9:00 PM;10:00 PM;62236.25;32532;324.25
Feb-25, 2022;10:00 PM;11:00 PM;60222.5;32989;1285
Feb-25, 2022;11:00 PM;12:00 AM;56758.5;30861.25;2674.25
Feb-26, 2022;12:00 AM;1:00 AM;54142.75;29627.75;3556.5
Feb-26, 2022;1:00 AM;2:00 AM;51325.75;29701.5;3167.25
Feb-26, 2022;2:00 AM;3:00 AM;49344;30512.25;2387
Feb-26, 2022;3:00 AM;4:00 AM;48596;32302.25;882.75
Feb-26, 2022;4:00 AM;5:00 AM;48847.25;35173.75;390.5
Feb-26, 2022;5:00 AM;6:00 AM;49084;37360;237.25
Feb-26, 2022;6:00 AM;7:00 AM;50000.25;39842.75;286.75
Feb-26, 2022;7:00 AM;8:00 AM;52287.5;43689.25;85.25
Feb-26, 2022;8:00 AM;9:00 AM;55506.75;46306.75;13.25
Feb-26, 2022;9:00 AM;10:00 AM;57924.5;45910;33.75
Feb-26, 2022;10:00 AM;11:00 AM;59285.75;43047.5;761.75
Feb-26, 2022;11:00 AM;12:00 PM;59702.5;40419.75;1666.75
Feb-26, 2022;12:00 PM;1:00 PM;58763.25;37800.5;1871.5
Feb-26, 2022;1:00 PM;2:00 PM;56973.5;36631.25;2409.5
Feb-26, 2022;2:00 PM;3:00 PM;55040.5;37393.5;2111.5
Feb-26, 2022;3:00 PM;4:00 PM;53807.5;40574.25;1447.5
Feb-26, 2022;4:00 PM;5:00 PM;53722.5;46340;801.5
Feb-26, 2022;5:00 PM;6:00 PM;55888;52795.75;325.75
Feb-26, 2022;6:00 PM;7:00 PM;59718.75;56591.25;37
Feb-26, 2022;7:00 PM;8:00 PM;59198.75;54596.75;2.75
Feb-26, 2022;8:00 PM;9:00 PM;56286.25;50258.25;30.5
Feb-26, 2022;9:00 PM;10:00 PM;53910.75;45995.25;404.25
Feb-26, 2022;10:00 PM;11:00 PM;52652;42465;490.25
Feb-26, 2022;11:00 PM;12:00 AM;50633.75;38483;1201.75
Feb-27, 2022;12:00 AM;1:00 AM;48764.75;35512.75;2680
Feb-27, 2022;1:00 AM;2:00 AM;46946;32925;2487.5
Feb-27, 2022;2:00 AM;3:00 AM;46442;32332.25;2691.25
Feb-27, 2022;3:00 AM;4:00 AM;46046.75;32674.25;1743.5
Feb-27, 2022;4:00 AM;5:00 AM;46105;32775.75;1155.5
Feb-27, 2022;5:00 AM;6:00 AM;46102;32560.25;1040.75
Feb-27, 2022;6:00 AM;7:00 AM;45988.25;31660;1211
Feb-27, 2022;7:00 AM;8:00 AM;47801.75;32052;1182
Feb-27, 2022;8:00 AM;9:00 AM;51410.5;30546.25;2222
Feb-27, 2022;9:00 AM;10:00 AM;54180.5;26776.5;4273.75
Feb-27, 2022;10:00 AM;11:00 AM;55594;22462.75;5104
Feb-27, 2022;11:00 AM;12:00 PM;56529.75;18527;5705
Feb-27, 2022;12:00 PM;1:00 PM;55811;15373;6316.5
Feb-27, 2022;1:00 PM;2:00 PM;53285.75;14324.5;6073
Feb-27, 2022;2:00 PM;3:00 PM;51214;15854.75;5301.25
Feb-27, 2022;3:00 PM;4:00 PM;51039.25;21353.5;3208.75
Feb-27, 2022;4:00 PM;5:00 PM;51599.5;30274.25;1490.75
Feb-27, 2022;5:00 PM;6:00 PM;53761.75;38520;209.5
Feb-27, 2022;6:00 PM;7:00 PM;58151;41677.5;52
Feb-27, 2022;7:00 PM;8:00 PM;58586;39038.75;315.25
Feb-27, 2022;8:00 PM;9:00 PM;56483;35489.5;805.5
Feb-27, 2022;9:00 PM;10:00 PM;55074.75;33844.25;909.5
Feb-27, 2022;10:00 PM;11:00 PM;54805;34724.5;938.25
Feb-27, 2022;11:00 PM;12:00 AM;52275.25;33180.5;2478.75
Feb-28, 2022;12:00 AM;1:00 AM;50111;32101.75;3705.25
Feb-28, 2022;1:00 AM;2:00 AM;48826.5;31972.5;3442.25
Feb-28, 2022;2:00 AM;3:00 AM;48314.25;32575;2976.5
Feb-28, 2022;3:00 AM;4:00 AM;48546.75;34046;1937.75
Feb-28, 2022;4:00 AM;5:00 AM;49996.25;36373.25;587.75
Feb-28, 2022;5:00 AM;6:00 AM;53403.5;40379.75;537.75
Feb-28, 2022;6:00 AM;7:00 AM;60438.75;47570.25;364.75
Feb-28, 2022;7:00 AM;8:00 AM;65270;51796.75;29.75
Feb-28, 2022;8:00 AM;9:00 AM;68103.25;49526.25;6.75
Feb-28, 2022;9:00 AM;10:00 AM;68629.75;44968;4.75
Feb-28, 2022;10:00 AM;11:00 AM;68864.25;40539.75;446
Feb-28, 2022;11:00 AM;12:00 PM;68936.75;35600.5;1501.25
Feb-28, 2022;12:00 PM;1:00 PM;68218;31849;3701.25
Feb-28, 2022;1:00 PM;2:00 PM;67327;30808.5;3733.25
Feb-28, 2022;2:00 PM;3:00 PM;65730;31616.75;2439.25
Feb-28, 2022;3:00 PM;4:00 PM;65115.25;36725.5;1229.5
Feb-28, 2022;4:00 PM;5:00 PM;64194;43232.75;335.75
Feb-28, 2022;5:00 PM;6:00 PM;65860.75;50178.75;3.25
Feb-28, 2022;6:00 PM;7:00 PM;69564.75;51819;1
Feb-28, 2022;7:00 PM;8:00 PM;70209.25;48180.75;45.5
Feb-28, 2022;8:00 PM;9:00 PM;67278.75;42704.25;480
Feb-28, 2022;9:00 PM;10:00 PM;64909.25;39027.5;2820
Feb-28, 2022;10:00 PM;11:00 PM;62251.75;36576.5;3456
Feb-28, 2022;11:00 PM;12:00 AM;59205.25;34382;4790.5
Mar-01, 2022;12:00 AM;1:00 AM;56165.75;32134;4128.25
Mar-01, 2022;1:00 AM;2:00 AM;55029;32463.25;5202
Mar-01, 2022;2:00 AM;3:00 AM;54630.25;33619.75;5452.25
Mar-01, 2022;3:00 AM;4:00 AM;54393;35761.25;4246
Mar-01, 2022;4:00 AM;5:00 AM;54957.5;37820.5;1907.75
Mar-01, 2022;5:00 AM;6:00 AM;58008.75;41669.25;436.5
Mar-01, 2022;6:00 AM;7:00 AM;64810.75;48947.75;137.75
Mar-01, 2022;7:00 AM;8:00 AM;69181;52561.5;1
Mar-01, 2022;8:00 AM;9:00 AM;71390.5;50159.25;130.75
Mar-01, 2022;9:00 AM;10:00 AM;71106.75;45324.75;246.5
Mar-01, 2022;10:00 AM;11:00 AM;71827.5;41859.25;2057.25
Mar-01, 2022;11:00 AM;12:00 PM;71534.25;39410;1722.75
Mar-01, 2022;12:00 PM;1:00 PM;71130.25;39013;2632.5
Mar-01, 2022;1:00 PM;2:00 PM;69049.25;40136;2111.5
Mar-01, 2022;2:00 PM;3:00 PM;67145.5;43889.5;988.75
Mar-01, 2022;3:00 PM;4:00 PM;65532.25;49518;636.5
Mar-01, 2022;4:00 PM;5:00 PM;65024.5;56733.5;531.5
Mar-01, 2022;5:00 PM;6:00 PM;66358;63262;119
Mar-01, 2022;6:00 PM;7:00 PM;69697;67047;8.5
Mar-01, 2022;7:00 PM;8:00 PM;69149.25;65779.5;2.75
Mar-01, 2022;8:00 PM;9:00 PM;65412.5;61508.25;11
Mar-01, 2022;9:00 PM;10:00 PM;62081;58016.5;15.5
Mar-01, 2022;10:00 PM;11:00 PM;59416.25;55999.75;125.5
Mar-01, 2022;11:00 PM;12:00 AM;56029.5;53001.5;671.75
